index,longitude,latitude,cemetery_100m,commercial_100m,farmland_100m,forest_100m,grass_100m,industrial_100m,meadow_100m,military_100m,nature_reserve_100m,park_100m,recreation_ground_100m,residential_100m,retail_100m,scrub_100m,cemetery_500m,commercial_500m,farmland_500m,farmyard_500m,forest_500m,grass_500m,industrial_500m,meadow_500m,military_500m,nature_reserve_500m,orchard_500m,park_500m,recreation_ground_500m,residential_500m,retail_500m,scrub_500m,cemetery_1000m,commercial_1000m,farmland_1000m,farmyard_1000m,forest_1000m,grass_1000m,industrial_1000m,meadow_1000m,military_1000m,nature_reserve_1000m,orchard_1000m,park_1000m,recreation_ground_1000m,residential_1000m,retail_1000m,scrub_1000m,cemetery_1500m,commercial_1500m,farmland_1500m,farmyard_1500m,forest_1500m,grass_1500m,industrial_1500m,meadow_1500m,military_1500m,nature_reserve_1500m,orchard_1500m,park_1500m,quarry_1500m,recreation_ground_1500m,residential_1500m,retail_1500m,scrub_1500m,cemetery_2000m,commercial_2000m,farmland_2000m,farmyard_2000m,forest_2000m,grass_2000m,industrial_2000m,meadow_2000m,military_2000m,nature_reserve_2000m,orchard_2000m,park_2000m,quarry_2000m,recreation_ground_2000m,residential_2000m,retail_2000m,scrub_2000m
0,116.366,39.8673,0.0,0.0,0.0,0.0,0.0,0.0,0.0,0.0,0.0,0.0,31365.484905392426,31365.484905392426,0.0,0.0,0.0,784137.1226362892,0.0,0.0,0.0,0.0,0.0,0.0,0.0,0.0,0.0,1568274.2452725784,784137.1226362892,7057234.103726603,0.0,0.0,0.0,3136548.4905459774,0.0,0.0,3136548.4905459774,6273096.981091955,0.0,0.0,0.0,0.0,0.0,18819290.943275865,6273096.981091955,69004066.7920115,0.0,0.0,0.0,14114468.20745628,0.0,0.0,35286170.5186407,14114468.20745628,7057234.10372814,0.0,0.0,0.0,0.0,77629575.14100954,0.0,14114468.20745628,275232130.04539746,0.0,0.0,0.0,50184775.8487389,0.0,0.0,62730969.81092363,50184775.8487389,25092387.92436945,0.0,0.0,0.0,0.0,188192909.43277088,0.0,25092387.92436945,765317831.6932683,12546193.962184725,0.0
1,116.17,40.2865,0.0,0.0,0.0,31365.484905392426,0.0,0.0,0.0,0.0,0.0,0.0,0.0,0.0,0.0,0.0,0.0,0.0,0.0,0.0,784137.1226362892,0.0,0.0,0.0,0.0,0.0,0.0,0.0,0.0,0.0,0.0,0.0,0.0,0.0,0.0,0.0,3136548.4905459774,0.0,0.0,0.0,0.0,0.0,0.0,0.0,0.0,0.0,0.0,0.0,0.0,0.0,0.0,0.0,7057234.10372814,0.0,0.0,0.0,0.0,0.0,0.0,0.0,0.0,0.0,7057234.10372814,0.0,0.0,0.0,0.0,0.0,0.0,25092387.92436945,0.0,0.0,0.0,0.0,0.0,0.0,0.0,0.0,0.0,12546193.962184725,0.0,0.0
2,116.434,39.9522,0.0,0.0,0.0,0.0,0.0,0.0,0.0,0.0,0.0,0.0,0.0,125461.9396215697,0.0,0.0,0.0,0.0,0.0,0.0,0.0,0.0,784137.1226362892,0.0,0.0,0.0,0.0,0.0,0.0,10977919.716908049,0.0,0.0,0.0,25092387.92436782,0.0,0.0,6273096.981091955,6273096.981091955,6273096.981091955,0.0,0.0,0.0,0.0,21955839.433821842,0.0,119188842.64074714,0.0,0.0,0.0,127030213.86710651,0.0,0.0,35286170.5186407,176430852.59320349,14114468.20745628,0.0,0.0,0.0,0.0,112915745.65965024,0.0,0.0,437548514.43114465,0.0,0.0,0.0,326201043.01680285,0.0,0.0,163100521.50840142,526940146.4117585,25092387.92436945,0.0,0.0,0.0,0.0,263470073.20587924,0.0,0.0,1028787904.8991475,25092387.92436945,0.0
3,116.434,39.8745,0.0,0.0,0.0,0.0,0.0,0.0,0.0,0.0,0.0,31365.484905392426,0.0,0.0,0.0,0.0,0.0,0.0,0.0,0.0,0.0,0.0,0.0,0.0,0.0,0.0,0.0,1568274.2452725784,0.0,0.0,0.0,0.0,0.0,3136548.4905459774,0.0,0.0,6273096.981091955,0.0,0.0,0.0,0.0,0.0,0.0,18819290.943275865,0.0,34502033.39600575,0.0,0.0,0.0,14114468.20745628,0.0,0.0,14114468.20745628,0.0,0.0,0.0,0.0,0.0,0.0,56457872.82982512,0.0,0.0,155259150.28201908,7057234.10372814,0.0,0.0,37638581.886554174,0.0,0.0,75277163.77310835,0.0,0.0,0.0,0.0,0.0,0.0,200739103.3949556,0.0,37638581.886554174,376385818.86554176,12546193.962184725,0.0
4,116.473,39.9716,0.0,0.0,0.0,0.0,0.0,0.0,0.0,0.0,0.0,31365.484905392426,0.0,31365.484905392426,0.0,0.0,0.0,784137.1226362892,0.0,0.0,784137.1226362892,0.0,0.0,0.0,0.0,0.0,0.0,2352411.3679088675,0.0,5488959.858454024,0.0,0.0,0.0,9409645.471637933,0.0,0.0,18819290.943275865,0.0,3136548.4905459774,0.0,0.0,0.0,0.0,15682742.452729886,0.0,62730969.810919546,3136548.4905459774,0.0,0.0,35286170.5186407,0.0,0.0,63515106.933553256,7057234.10372814,14114468.20745628,0.0,0.0,0.0,0.0,77629575.14100954,0.0,7057234.10372814,239945959.52675676,14114468.20745628,7057234.10372814,0.0,138008133.58403197,0.0,0.0,150554327.5462167,25092387.92436945,50184775.8487389,12546193.962184725,0.0,0.0,0.0,288562461.13024867,0.0,12546193.962184725,614763504.1470516,62730969.81092363,25092387.92436945
5,116.361,39.9425,0.0,0.0,0.0,0.0,0.0,0.0,0.0,0.0,0.0,0.0,0.0,0.0,0.0,0.0,0.0,0.0,0.0,0.0,0.0,0.0,0.0,0.0,0.0,0.0,0.0,3136548.490545157,0.0,4704822.735817735,3920685.613181446,0.0,0.0,0.0,0.0,0.0,0.0,0.0,0.0,0.0,3136548.4905459774,0.0,0.0,21955839.433821842,0.0,84686809.2447414,43911678.867643684,0.0,0.0,49400638.72609698,0.0,0.0,0.0,0.0,0.0,7057234.10372814,14114468.20745628,0.0,0.0,91744043.34846582,0.0,0.0,303461066.46031,148201916.17829093,0.0,0.0,112915745.65966253,0.0,0.0,0.0,138008133.58403197,12546193.962184725,12546193.962184725,37638581.886554174,0.0,0.0,276016267.16806394,0.0,0.0,966056935.0882238,326201043.01680285,0.0
6,116.315,39.9934,0.0,0.0,0.0,0.0,0.0,0.0,0.0,0.0,0.0,0.0,0.0,0.0,0.0,0.0,0.0,784137.1226362892,0.0,0.0,0.0,2352411.3679088675,0.0,1568274.2452725784,0.0,0.0,0.0,0.0,0.0,6273096.981090314,2352411.3679088675,0.0,0.0,18819290.943275865,0.0,0.0,12546193.96218391,69004066.7920115,0.0,6273096.981091955,0.0,0.0,0.0,40775130.3770977,0.0,53321324.33928162,12546193.96218391,6273096.981091955,0.0,70572341.0372814,0.0,0.0,70572341.0372814,366976173.39386326,0.0,14114468.20745628,0.0,0.0,0.0,162316384.38574722,0.0,7057234.10372814,225831491.31930047,35286170.5186407,42343404.62236884,0.0,213285297.35714033,25092387.92436945,0.0,250923879.2436945,928418353.2016697,0.0,87823357.73529308,0.0,0.0,0.0,564578728.2983127,0.0,25092387.92436945,589671116.2226821,75277163.77310835,75277163.77310835
7,116.72,40.1438,0.0,0.0,0.0,0.0,0.0,0.0,0.0,0.0,0.0,0.0,0.0,0.0,0.0,0.0,0.0,0.0,784137.1226362892,0.0,0.0,0.0,0.0,0.0,0.0,0.0,0.0,0.0,0.0,784137.1226362892,0.0,0.0,0.0,0.0,3136548.4905459774,0.0,0.0,0.0,0.0,0.0,0.0,0.0,0.0,0.0,0.0,3136548.4905459774,0.0,0.0,0.0,0.0,7057234.10372814,0.0,0.0,0.0,0.0,0.0,0.0,0.0,7057234.10372814,0.0,0.0,0.0,42343404.62236884,0.0,0.0,0.0,0.0,12546193.962184725,0.0,0.0,0.0,12546193.962184725,0.0,0.0,0.0,12546193.962184725,12546193.962184725,0.0,0.0,138008133.58403197,0.0,0.0
8,116.644,40.3937,31365.484905392426,0.0,0.0,31365.484905392426,0.0,0.0,0.0,0.0,31365.484905392426,0.0,0.0,0.0,0.0,0.0,784137.1226362892,0.0,0.0,0.0,784137.1226362892,0.0,0.0,0.0,0.0,784137.1226362892,0.0,0.0,0.0,0.0,0.0,0.0,3136548.4905459774,6273096.981091955,0.0,0.0,3136548.4905459774,0.0,0.0,0.0,0.0,3136548.4905459774,0.0,0.0,0.0,3136548.4905459774,0.0,0.0,7057234.10372814,35286170.5186407,0.0,0.0,14114468.20745628,7057234.10372814,0.0,0.0,0.0,7057234.10372814,0.0,21171702.31118442,0.0,0.0,14114468.20745628,0.0,0.0,12546193.962184725,188192909.43277088,0.0,12546193.962184725,112915745.65966253,100369551.6974778,0.0,0.0,0.0,25092387.92436945,0.0,75277163.77310835,0.0,0.0,37638581.886554174,0.0,0.0
9,116.23,40.1952,0.0,0.0,0.0,0.0,0.0,0.0,0.0,0.0,0.0,0.0,0.0,62730.96981078485,0.0,0.0,0.0,1568274.2452725784,0.0,0.0,784137.1226362892,0.0,8625508.348999182,0.0,0.0,0.0,0.0,1568274.2452725784,0.0,1568274.2452725784,0.0,784137.1226362892,0.0,6273096.981091955,0.0,0.0,56457872.82982759,0.0,56457872.82982759,0.0,0.0,0.0,0.0,15682742.452729886,0.0,25092387.92436782,3136548.4905459774,3136548.4905459774,0.0,14114468.20745628,42343404.62236884,0.0,162316384.38574722,0.0,169373618.48947537,0.0,0.0,0.0,0.0,70572341.0372814,0.0,0.0,84686809.24473768,7057234.10372814,35286170.5186407,0.0,37638581.886554174,125461939.62184726,0.0,426570594.71428066,0.0,414024400.75209594,0.0,0.0,0.0,0.0,163100521.50840142,0.0,0.0,313654849.0546181,25092387.92436945,112915745.65966253
10,116.407,40.0031,0.0,0.0,0.0,0.0,0.0,0.0,0.0,0.0,0.0,0.0,0.0,31365.484905392426,0.0,0.0,0.0,0.0,0.0,0.0,0.0,0.0,0.0,0.0,0.0,0.0,0.0,784137.1226362892,0.0,4704822.735817735,0.0,0.0,0.0,0.0,0.0,0.0,0.0,0.0,0.0,0.0,0.0,0.0,0.0,21955839.433821842,0.0,31365484.905459773,6273096.981091955,0.0,0.0,14114468.20745628,0.0,0.0,0.0,42343404.62236884,0.0,0.0,7057234.10372814,0.0,0.0,112915745.65965024,0.0,0.0,155259150.28201908,14114468.20745628,0.0,0.0,100369551.6974778,0.0,0.0,138008133.58403197,476755370.5630196,12546193.962184725,138008133.58403197,25092387.92436945,0.0,0.0,288562461.13024867,0.0,0.0,526940146.4117585,25092387.92436945,0.0
11,116.225,39.9279,0.0,0.0,0.0,0.0,0.0,0.0,0.0,0.0,0.0,0.0,0.0,31365.484905392426,31365.484905392426,0.0,0.0,0.0,0.0,0.0,0.0,0.0,784137.1226362892,0.0,0.0,0.0,0.0,0.0,0.0,784137.1226362892,784137.1226362892,0.0,0.0,0.0,0.0,0.0,12546193.96218391,0.0,3136548.4905459774,0.0,0.0,0.0,0.0,15682742.452729886,0.0,59594421.32037357,12546193.96218391,3136548.4905459774,0.0,0.0,0.0,7057234.10372814,70572341.0372814,7057234.10372814,28228936.41491256,0.0,0.0,0.0,0.0,63515106.933553256,0.0,0.0,239945959.52675676,28228936.41491256,7057234.10372814,25092387.92436945,62730969.81092363,0.0,25092387.92436945,276016267.16806394,200739103.3949556,75277163.77310835,0.0,0.0,0.0,0.0,250923879.2436945,0.0,0.0,727679249.806714,75277163.77310835,125461939.62184726
12,117.151,39.097,0.0,0.0,0.0,0.0,0.0,0.0,0.0,0.0,0.0,0.0,0.0,0.0,0.0,0.0,0.0,0.0,0.0,0.0,0.0,0.0,0.0,0.0,0.0,0.0,0.0,0.0,0.0,0.0,0.0,0.0,0.0,3136548.4905459774,0.0,0.0,0.0,0.0,0.0,0.0,0.0,0.0,0.0,3136548.4905459774,9409645.471637933,0.0,0.0,0.0,0.0,7057234.10372814,0.0,0.0,7057234.10372814,0.0,0.0,7057234.10372814,0.0,0.0,0.0,28228936.41491256,0.0,28228936.41491256,42343404.62236884,0.0,0.0,0.0,25092387.92436945,0.0,0.0,25092387.92436945,489301564.5252043,0.0,12546193.962184725,0.0,0.0,0.0,150554327.5462167,0.0,50184775.8487389,200739103.3949556,12546193.962184725,0.0
13,117.193,39.173,0.0,0.0,0.0,0.0,0.0,0.0,0.0,0.0,0.0,0.0,0.0,0.0,0.0,0.0,0.0,0.0,0.0,0.0,1568274.2452725784,0.0,784137.1226362892,0.0,0.0,0.0,0.0,0.0,0.0,0.0,0.0,0.0,0.0,0.0,0.0,0.0,15682742.452729886,0.0,3136548.4905459774,0.0,0.0,0.0,0.0,3136548.4905459774,0.0,3136548.4905459774,0.0,0.0,0.0,0.0,0.0,0.0,63515106.933553256,28228936.41491256,7057234.10372814,0.0,0.0,0.0,0.0,7057234.10372814,0.0,0.0,14114468.20745628,0.0,0.0,0.0,0.0,0.0,0.0,112915745.65966253,87823357.73529308,12546193.962184725,0.0,0.0,0.0,0.0,87823357.73529308,0.0,0.0,125461939.62184726,25092387.92436945,0.0
14,117.145,39.1654,0.0,0.0,0.0,0.0,0.0,0.0,0.0,0.0,0.0,0.0,0.0,0.0,0.0,0.0,0.0,0.0,0.0,0.0,0.0,0.0,0.0,0.0,0.0,0.0,0.0,0.0,0.0,0.0,0.0,0.0,0.0,0.0,0.0,0.0,0.0,0.0,0.0,0.0,0.0,0.0,0.0,0.0,0.0,0.0,0.0,0.0,0.0,0.0,0.0,0.0,0.0,0.0,0.0,0.0,0.0,0.0,0.0,7057234.10372814,0.0,0.0,7057234.10372814,0.0,0.0,0.0,0.0,0.0,0.0,0.0,12546193.962184725,0.0,0.0,0.0,0.0,0.0,25092387.92436945,0.0,0.0,37638581.886554174,0.0,0.0
15,117.184,39.1205,0.0,0.0,0.0,0.0,0.0,0.0,0.0,0.0,0.0,31365.484905392426,0.0,0.0,0.0,0.0,0.0,0.0,0.0,0.0,0.0,0.0,0.0,0.0,0.0,0.0,0.0,784137.1226362892,0.0,0.0,0.0,0.0,0.0,3136548.4905459774,0.0,0.0,0.0,3136548.4905459774,0.0,0.0,0.0,0.0,0.0,9409645.471637933,0.0,12546193.96218391,0.0,0.0,0.0,21171702.31118442,0.0,0.0,7057234.10372814,42343404.62236884,7057234.10372814,0.0,0.0,0.0,0.0,49400638.72609698,0.0,0.0,70572341.0372814,7057234.10372814,0.0,0.0,75277163.77310835,0.0,0.0,37638581.886554174,526940146.4117585,12546193.962184725,0.0,25092387.92436945,0.0,0.0,138008133.58403197,0.0,0.0,175646715.47058615,25092387.92436945,12546193.962184725
16,117.237,39.1082,0.0,0.0,0.0,0.0,0.0,0.0,0.0,0.0,0.0,0.0,0.0,0.0,0.0,0.0,0.0,0.0,0.0,0.0,0.0,0.0,0.0,0.0,0.0,0.0,0.0,0.0,0.0,0.0,0.0,0.0,0.0,0.0,0.0,0.0,0.0,0.0,0.0,0.0,0.0,0.0,0.0,6273096.981091955,0.0,3136548.4905459774,0.0,0.0,0.0,0.0,0.0,0.0,0.0,0.0,0.0,0.0,0.0,0.0,0.0,21171702.31118442,0.0,0.0,7057234.10372814,0.0,0.0,0.0,0.0,0.0,0.0,0.0,25092387.92436945,0.0,0.0,0.0,0.0,0.0,125461939.62184726,0.0,0.0,25092387.92436945,25092387.92436945,0.0
17,117.202,39.0927,0.0,0.0,0.0,0.0,0.0,0.0,0.0,0.0,0.0,0.0,0.0,0.0,0.0,0.0,0.0,0.0,0.0,0.0,0.0,0.0,0.0,0.0,0.0,0.0,0.0,1568274.2452725784,784137.1226362892,0.0,784137.1226362892,0.0,0.0,0.0,0.0,0.0,0.0,0.0,0.0,0.0,0.0,0.0,0.0,6273096.981091955,3136548.4905459774,0.0,6273096.981091955,0.0,0.0,0.0,0.0,0.0,0.0,0.0,0.0,0.0,0.0,0.0,0.0,28228936.41491256,0.0,7057234.10372814,7057234.10372814,14114468.20745628,0.0,0.0,12546193.962184725,0.0,0.0,0.0,25092387.92436945,0.0,0.0,0.0,0.0,0.0,87823357.73529308,0.0,12546193.962184725,25092387.92436945,25092387.92436945,0.0
18,117.1837,39.2133,0.0,0.0,0.0,0.0,219558.39433774698,0.0,0.0,0.0,0.0,0.0,0.0,62730.96981078485,0.0,0.0,0.0,0.0,0.0,0.0,0.0,21171702.31117981,784137.1226362892,0.0,0.0,0.0,0.0,784137.1226362892,0.0,6273096.981090314,0.0,0.0,0.0,0.0,0.0,0.0,0.0,144281230.56511495,18819290.943275865,0.0,0.0,0.0,0.0,3136548.4905459774,0.0,34502033.39600575,3136548.4905459774,0.0,0.0,0.0,0.0,0.0,0.0,416376812.11996025,127030213.86710651,14114468.20745628,0.0,0.0,0.0,21171702.31118442,0.0,0.0,211717023.11184418,14114468.20745628,0.0,0.0,0.0,0.0,0.0,25092387.92436945,1216980814.3319182,263470073.20587924,25092387.92436945,0.0,0.0,0.0,37638581.886554174,0.0,0.0,627309698.1092362,37638581.886554174,0.0
19,117.269,39.1337,0.0,0.0,0.0,0.0,0.0,0.0,0.0,0.0,0.0,0.0,0.0,0.0,0.0,0.0,0.0,0.0,0.0,0.0,0.0,0.0,0.0,0.0,0.0,0.0,0.0,784137.1226362892,0.0,0.0,0.0,0.0,0.0,0.0,0.0,0.0,0.0,0.0,3136548.4905459774,0.0,0.0,0.0,0.0,6273096.981091955,0.0,9409645.471637933,0.0,0.0,0.0,7057234.103728193,0.0,0.0,0.0,0.0,7057234.103728193,0.0,7057234.103728193,0.0,0.0,28228936.41491277,0.0,7057234.103728193,84686809.24473831,0.0,0.0,0.0,25092387.92436949,0.0,0.0,0.0,0.0,12546193.962184746,0.0,12546193.962184746,0.0,0.0,100369551.69747797,0.0,12546193.962184746,338747236.9789881,12546193.962184746,0.0
20,117.307,39.0877,0.0,0.0,0.0,0.0,0.0,0.0,0.0,0.0,0.0,31365.484905395606,0.0,0.0,0.0,0.0,0.0,0.0,0.0,0.0,0.0,0.0,0.0,0.0,0.0,0.0,0.0,784137.1226362913,0.0,0.0,0.0,0.0,0.0,3136548.4905459695,0.0,0.0,0.0,0.0,0.0,0.0,0.0,0.0,0.0,12546193.962183878,0.0,18819290.943275817,0.0,0.0,0.0,7057234.103728031,0.0,0.0,0.0,0.0,0.0,0.0,0.0,0.0,0.0,49400638.72609621,0.0,0.0,98801277.45219243,0.0,0.0,0.0,12546193.962184656,0.0,0.0,0.0,0.0,0.0,0.0,0.0,0.0,0.0,138008133.58403122,0.0,0.0,301108655.0924318,0.0,0.0
21,117.707,39.0343,0.0,0.0,0.0,0.0,0.0,0.0,0.0,0.0,0.0,31365.484905395606,0.0,0.0,0.0,0.0,0.0,0.0,0.0,0.0,0.0,0.0,0.0,0.0,0.0,0.0,0.0,784137.1226362913,0.0,784137.1226362913,0.0,0.0,0.0,0.0,0.0,0.0,0.0,0.0,0.0,0.0,0.0,0.0,0.0,18819290.943275817,0.0,9409645.471637908,0.0,0.0,0.0,7057234.103728031,0.0,0.0,0.0,0.0,63515106.93355228,0.0,0.0,0.0,0.0,91744043.3484644,0.0,7057234.103728031,70572341.0372803,0.0,0.0,0.0,12546193.962184656,0.0,0.0,0.0,0.0,225831491.3193238,0.0,0.0,0.0,0.0,238377685.28150848,0.0,12546193.962184656,326201043.01680106,0.0,0.0
22,117.457,38.8394,0.0,0.0,0.0,0.0,0.0,0.0,0.0,0.0,0.0,31365.484905395606,0.0,0.0,0.0,0.0,0.0,0.0,0.0,0.0,0.0,784137.1226362913,0.0,0.0,0.0,0.0,0.0,2352411.367908874,0.0,3136548.4905451653,0.0,0.0,0.0,0.0,0.0,0.0,0.0,3136548.4905459695,0.0,0.0,0.0,0.0,0.0,15682742.452729847,0.0,37638581.88655163,0.0,0.0,0.0,0.0,0.0,0.0,0.0,7057234.103728031,0.0,0.0,0.0,0.0,0.0,98801277.45219243,0.0,7057234.103728031,134087447.97083259,0.0,0.0,0.0,0.0,0.0,0.0,0.0,12546193.962184656,62730969.81092328,0.0,0.0,0.0,0.0,238377685.28150848,0.0,75277163.77310795,263470073.20587778,0.0,0.0
23,117.401,39.124,0.0,0.0,0.0,0.0,0.0,0.0,0.0,0.0,0.0,0.0,0.0,0.0,0.0,0.0,0.0,0.0,0.0,0.0,0.0,0.0,0.0,0.0,0.0,0.0,0.0,0.0,0.0,0.0,0.0,0.0,0.0,0.0,0.0,0.0,0.0,0.0,0.0,0.0,0.0,0.0,0.0,0.0,0.0,0.0,0.0,0.0,0.0,14114468.207456062,0.0,0.0,0.0,7057234.103728031,49400638.72609621,0.0,0.0,0.0,0.0,0.0,0.0,0.0,7057234.103728031,0.0,0.0,0.0,37638581.88655397,0.0,0.0,0.0,50184775.848738626,338747236.9789857,0.0,0.0,0.0,0.0,0.0,0.0,0.0,62730969.81092328,12546193.962184656,0.0
24,117.764,39.1587,0.0,0.0,0.0,0.0,0.0,0.0,0.0,0.0,0.0,0.0,0.0,0.0,0.0,0.0,0.0,0.0,0.0,0.0,0.0,0.0,0.0,0.0,0.0,0.0,0.0,0.0,0.0,2352411.367908874,0.0,0.0,0.0,0.0,0.0,0.0,0.0,0.0,0.0,0.0,0.0,0.0,0.0,0.0,0.0,9409645.471637908,0.0,0.0,0.0,0.0,0.0,0.0,0.0,0.0,0.0,0.0,0.0,0.0,0.0,63515106.93355228,0.0,0.0,28228936.414912123,0.0,0.0,0.0,25092387.924369313,0.0,0.0,0.0,0.0,0.0,0.0,0.0,0.0,0.0,188192909.43276983,0.0,0.0,62730969.81092328,0.0,0.0
25,117.157,38.9194,0.0,0.0,0.0,0.0,0.0,0.0,0.0,0.0,0.0,0.0,0.0,0.0,0.0,0.0,0.0,0.0,0.0,0.0,0.0,0.0,0.0,0.0,0.0,0.0,0.0,0.0,0.0,784137.1226362892,0.0,0.0,0.0,0.0,0.0,0.0,0.0,0.0,0.0,0.0,0.0,0.0,0.0,0.0,0.0,3136548.4905459774,0.0,0.0,0.0,0.0,0.0,0.0,0.0,0.0,0.0,0.0,0.0,0.0,0.0,0.0,0.0,0.0,7057234.10372814,0.0,0.0,0.0,0.0,0.0,0.0,0.0,0.0,0.0,0.0,0.0,0.0,0.0,0.0,0.0,0.0,12546193.962184725,0.0,0.0
26,118.1662,39.6308,0.0,156827.42452697802,0.0,31365.484905395606,31365.484905395606,0.0,0.0,0.0,0.0,0.0,0.0,31365.484905395606,0.0,0.0,0.0,25092387.924361322,0.0,0.0,3920685.6131814565,5488959.858454039,0.0,0.0,784137.1226362913,0.0,0.0,784137.1226362913,784137.1226362913,10977919.716908079,7057234.103726622,784137.1226362913,0.0,232104588.30040175,0.0,0.0,62730969.81091939,100369551.69747102,0.0,0.0,6273096.981091939,0.0,0.0,21955839.433821786,47048227.35818954,156827424.52729848,78413712.26364924,9409645.471637908,0.0,846868092.4473637,0.0,0.0,472834684.9497781,1037413413.2480205,7057234.103728031,0.0,21171702.311184093,0.0,7057234.103728031,105858511.55592047,0.0,176430852.59320077,748066814.9951713,296403832.3565773,366976173.3938576,0.0,2082668197.722653,12546193.962184656,0.0,1154249844.5209885,2258314913.1932383,12546193.962184656,0.0,37638581.88655397,0.0,12546193.962184656,276016267.16806245,0.0,426570594.71427834,2333592076.9663463,752771637.7310793,715133055.8445255
27,118.144,39.643,0.0,0.0,0.0,0.0,0.0,0.0,0.0,0.0,0.0,31365.484905395606,0.0,62730.96981079121,0.0,0.0,0.0,1568274.2452725826,784137.1226362913,0.0,0.0,0.0,784137.1226362913,0.0,0.0,0.0,0.0,784137.1226362913,0.0,3136548.4905451653,0.0,0.0,0.0,28228936.414913725,6273096.981091939,0.0,12546193.962183878,28228936.414913725,6273096.981091939,0.0,0.0,0.0,0.0,9409645.471637908,12546193.962183878,97233003.20692505,9409645.471637908,0.0,0.0,338747236.9789455,21171702.311184093,0.0,84686809.24473637,141144682.0745606,14114468.207456062,0.0,7057234.103728031,0.0,7057234.103728031,35286170.51864015,0.0,70572341.0372803,677494473.957891,98801277.45219243,28228936.414912123,0.0,1216980814.3319116,37638581.88655397,0.0,288562461.1302471,476755370.56301695,25092387.924369313,0.0,12546193.962184656,0.0,12546193.962184656,138008133.58403122,0.0,225831491.3193238,2107760585.6470222,414024400.7520937,112915745.6596619
28,118.1853,39.6407,0.0,0.0,0.0,0.0,0.0,0.0,0.0,0.0,0.0,31365.484905395606,0.0,0.0,62730.96981079121,0.0,0.0,3920685.6131814565,0.0,0.0,0.0,0.0,0.0,0.0,0.0,0.0,0.0,1568274.2452725826,0.0,11762056.839544369,3136548.4905451653,0.0,0.0,40775130.37709761,0.0,0.0,69004066.79201132,9409645.471637908,9409645.471637908,0.0,0.0,0.0,0.0,25092387.924367756,9409645.471637908,125461939.62183878,21955839.433821786,9409645.471637908,0.0,275232130.0453932,0.0,0.0,317575534.6677614,359918939.29012954,28228936.414912123,0.0,0.0,0.0,0.0,127030213.86710456,0.0,105858511.55592047,494006387.2609621,105858511.55592047,35286170.51864015,0.0,1254619396.2184656,0.0,0.0,652402086.0336021,1229527008.2940962,75277163.77310795,0.0,0.0,0.0,0.0,313654849.0546164,0.0,388932012.82772434,1555728051.3108974,326201043.01680106,75277163.77310795
29,118.2185,39.6679,0.0,0.0,0.0,0.0,0.0,0.0,0.0,0.0,0.0,0.0,0.0,0.0,0.0,0.0,0.0,0.0,0.0,0.0,0.0,0.0,0.0,0.0,0.0,0.0,0.0,1568274.2452725826,0.0,0.0,0.0,0.0,0.0,0.0,0.0,0.0,3136548.4905459695,0.0,6273096.981091939,0.0,0.0,0.0,0.0,15682742.452729847,0.0,6273096.981091939,0.0,0.0,0.0,0.0,0.0,0.0,14114468.207456062,0.0,56457872.82982425,0.0,0.0,0.0,0.0,56457872.82982425,0.0,0.0,84686809.24473637,21171702.311184093,7057234.103728031,0.0,75277163.77310795,0.0,0.0,100369551.69747725,12546193.962184656,150554327.5462159,0.0,0.0,0.0,0.0,188192909.43276983,0.0,12546193.962184656,288562461.1302471,100369551.69747725,12546193.962184656
30,118.1838,39.65782,0.0,31365.484905395606,0.0,0.0,0.0,0.0,0.0,0.0,0.0,62730.96981079121,0.0,31365.484905395606,0.0,0.0,0.0,2352411.367908874,0.0,0.0,2352411.367908874,7841371.226362913,784137.1226362913,0.0,0.0,0.0,0.0,5488959.858454039,12546193.962180661,9409645.471635496,1568274.2452725826,4704822.735817748,0.0,47048227.35818954,0.0,0.0,15682742.452729847,78413712.26364924,3136548.4905459695,0.0,0.0,0.0,0.0,25092387.924367756,106642648.67856297,128598488.11238475,21955839.433821786,28228936.414913725,0.0,289346598.2528493,0.0,0.0,112915745.6596485,310518300.5640333,42343404.62236819,0.0,0.0,0.0,0.0,91744043.3484644,0.0,374033407.49758565,585750430.6094265,119972979.76337652,268174895.94166517,0.0,740225443.7688947,0.0,0.0,326201043.01680106,1216980814.3319116,150554327.5462159,0.0,0.0,0.0,0.0,276016267.16806245,0.0,1041334098.8613265,1706282378.8571134,363839624.90335506,840594995.466372
31,118.1997,39.6295,0.0,0.0,0.0,0.0,0.0,0.0,0.0,0.0,0.0,0.0,0.0,94096.45471618682,0.0,0.0,0.0,2352411.367908874,0.0,0.0,3136548.4905451653,0.0,0.0,0.0,0.0,0.0,0.0,3136548.4905451653,0.0,11762056.839544369,784137.1226362913,0.0,0.0,47048227.35818954,0.0,0.0,43911678.86764357,18819290.943275817,3136548.4905459695,0.0,0.0,0.0,0.0,37638581.88655163,6273096.981091939,103506100.188017,21955839.433821786,9409645.471637908,0.0,247003193.63048106,0.0,0.0,218774257.21556896,211717023.11184093,14114468.207456062,0.0,0.0,0.0,0.0,134087447.97083259,0.0,14114468.207456062,451662982.638594,105858511.55592047,35286170.51864015,0.0,715133055.8445255,0.0,0.0,489301564.5252016,602217310.1848636,75277163.77310795,0.0,0.0,0.0,0.0,276016267.16806245,0.0,87823357.7352926,1530635663.386528,426570594.71427834,75277163.77310795
32,119.5259,39.8283,0.0,0.0,0.0,31365.484905395606,0.0,0.0,0.0,0.0,0.0,0.0,0.0,0.0,0.0,0.0,0.0,0.0,0.0,0.0,3136548.4905451653,0.0,0.0,0.0,0.0,0.0,0.0,784137.1226362913,0.0,0.0,0.0,0.0,0.0,0.0,0.0,0.0,72140615.2825573,0.0,0.0,0.0,0.0,0.0,0.0,6273096.981091939,0.0,0.0,0.0,0.0,0.0,0.0,0.0,0.0,247003193.63048106,0.0,0.0,0.0,0.0,0.0,0.0,21171702.311184093,0.0,0.0,0.0,0.0,0.0,0.0,0.0,0.0,0.0,664948279.9957868,0.0,0.0,0.0,0.0,0.0,0.0,37638581.88655397,0.0,0.0,0.0,0.0,0.0
33,119.7624,40.0181,0.0,0.0,0.0,0.0,0.0,0.0,0.0,0.0,0.0,0.0,0.0,0.0,0.0,0.0,0.0,0.0,0.0,0.0,0.0,0.0,0.0,0.0,0.0,0.0,0.0,0.0,0.0,0.0,0.0,0.0,0.0,0.0,0.0,0.0,0.0,0.0,0.0,0.0,3136548.4905459695,0.0,0.0,0.0,0.0,6273096.981091939,0.0,0.0,0.0,0.0,0.0,0.0,0.0,0.0,0.0,0.0,7057234.103728031,0.0,0.0,14114468.207456062,0.0,0.0,35286170.51864015,0.0,0.0,0.0,0.0,0.0,0.0,25092387.924369313,25092387.924369313,25092387.924369313,0.0,12546193.962184656,0.0,0.0,62730969.81092328,0.0,0.0,150554327.5462159,0.0,50184775.848738626
34,119.6023,39.9567,0.0,0.0,0.0,0.0,0.0,0.0,0.0,0.0,0.0,31365.484905395606,0.0,0.0,0.0,0.0,0.0,0.0,0.0,0.0,0.0,0.0,0.0,0.0,0.0,0.0,0.0,784137.1226362913,0.0,0.0,0.0,0.0,0.0,0.0,0.0,0.0,0.0,0.0,0.0,0.0,0.0,0.0,0.0,3136548.4905459695,0.0,0.0,0.0,0.0,0.0,0.0,0.0,0.0,0.0,0.0,7057234.103728031,0.0,0.0,0.0,0.0,21171702.311184093,0.0,0.0,56457872.82982425,0.0,0.0,0.0,0.0,0.0,0.0,0.0,0.0,25092387.924369313,0.0,0.0,0.0,0.0,50184775.848738626,0.0,0.0,263470073.20587778,0.0,0.0
35,119.607,39.9358,0.0,0.0,0.0,0.0,0.0,0.0,0.0,0.0,0.0,0.0,0.0,0.0,0.0,0.0,0.0,784137.1226362913,0.0,0.0,0.0,0.0,0.0,0.0,0.0,0.0,0.0,0.0,0.0,4704822.735817748,784137.1226362913,0.0,0.0,3136548.4905459695,0.0,0.0,0.0,0.0,0.0,0.0,0.0,0.0,0.0,6273096.981091939,0.0,47048227.35818954,3136548.4905459695,0.0,0.0,7057234.103728031,0.0,0.0,0.0,0.0,0.0,0.0,0.0,0.0,0.0,35286170.51864015,0.0,0.0,176430852.59320077,7057234.103728031,0.0,0.0,25092387.924369313,0.0,0.0,0.0,0.0,0.0,0.0,0.0,0.0,0.0,62730969.81092328,0.0,0.0,439116788.67646295,12546193.962184656,0.0
36,119.5369,39.9419,0.0,0.0,0.0,0.0,0.0,0.0,0.0,0.0,0.0,0.0,0.0,31365.484905395606,0.0,0.0,0.0,0.0,0.0,0.0,0.0,0.0,0.0,0.0,0.0,0.0,0.0,0.0,0.0,2352411.367908874,0.0,0.0,0.0,3136548.4905459695,0.0,0.0,34502033.39600566,0.0,0.0,0.0,0.0,0.0,0.0,3136548.4905459695,0.0,15682742.452729847,0.0,0.0,0.0,21171702.311184093,0.0,0.0,98801277.45219243,0.0,0.0,0.0,0.0,0.0,0.0,28228936.414912123,0.0,0.0,63515106.93355228,0.0,0.0,0.0,37638581.88655397,0.0,0.0,213285297.35713917,0.0,0.0,0.0,0.0,0.0,0.0,75277163.77310795,0.0,0.0,250923879.2436931,12546193.962184656,0.0
37,114.5129,36.61763,0.0,0.0,0.0,0.0,0.0,0.0,0.0,0.0,0.0,0.0,0.0,0.0,0.0,0.0,0.0,0.0,0.0,0.0,0.0,0.0,0.0,0.0,0.0,0.0,0.0,784137.1226364924,0.0,0.0,0.0,0.0,0.0,0.0,0.0,0.0,0.0,0.0,0.0,0.0,0.0,0.0,0.0,9409645.471638493,0.0,0.0,0.0,0.0,0.0,0.0,0.0,0.0,0.0,0.0,0.0,0.0,0.0,0.0,0.0,21171702.311185837,0.0,0.0,0.0,0.0,0.0,0.0,0.0,0.0,0.0,0.0,0.0,0.0,0.0,0.0,0.0,0.0,50184775.848734796,0.0,0.0,0.0,0.0,0.0
38,114.5426,36.6164,0.0,0.0,0.0,0.0,0.0,0.0,0.0,0.0,0.0,0.0,0.0,0.0,0.0,0.0,0.0,0.0,0.0,0.0,0.0,0.0,0.0,0.0,0.0,0.0,0.0,1568274.2452729847,0.0,0.0,0.0,0.0,0.0,0.0,0.0,0.0,0.0,0.0,0.0,0.0,0.0,0.0,0.0,9409645.471638493,0.0,0.0,0.0,0.0,0.0,0.0,0.0,0.0,0.0,0.0,0.0,0.0,0.0,0.0,0.0,21171702.311185837,0.0,0.0,0.0,0.0,0.0,0.0,0.0,0.0,0.0,0.0,0.0,0.0,0.0,0.0,0.0,0.0,37638581.8865511,0.0,0.0,0.0,0.0,0.0
39,114.5035,36.5776,0.0,0.0,0.0,0.0,0.0,0.0,0.0,0.0,0.0,0.0,0.0,0.0,0.0,0.0,0.0,0.0,0.0,0.0,0.0,0.0,0.0,0.0,0.0,0.0,0.0,784137.1226364924,0.0,0.0,0.0,0.0,0.0,0.0,0.0,0.0,0.0,0.0,0.0,21955839.43382315,0.0,0.0,0.0,3136548.490546164,0.0,0.0,0.0,0.0,0.0,0.0,0.0,0.0,0.0,0.0,0.0,49400638.72610029,0.0,0.0,0.0,28228936.41491445,0.0,0.0,7057234.103728613,0.0,0.0,0.0,0.0,0.0,0.0,0.0,0.0,0.0,87823357.7352859,0.0,0.0,0.0,62730969.810918495,0.0,0.0,25092387.924367398,0.0,0.0
40,114.4965,36.61981,0.0,0.0,0.0,0.0,0.0,0.0,0.0,0.0,0.0,0.0,0.0,0.0,0.0,0.0,0.0,0.0,0.0,0.0,0.0,0.0,0.0,0.0,0.0,0.0,0.0,0.0,0.0,0.0,0.0,0.0,0.0,0.0,0.0,0.0,0.0,0.0,0.0,0.0,0.0,0.0,0.0,9409645.471638493,0.0,0.0,0.0,0.0,0.0,0.0,0.0,0.0,0.0,0.0,0.0,0.0,0.0,0.0,0.0,35286170.51864307,0.0,0.0,0.0,0.0,0.0,0.0,0.0,0.0,0.0,0.0,0.0,12546193.962183699,0.0,0.0,0.0,0.0,75277163.7731022,0.0,0.0,0.0,0.0,0.0
41,115.493,38.8632,0.0,0.0,0.0,0.0,0.0,0.0,0.0,0.0,0.0,0.0,0.0,0.0,0.0,0.0,0.0,0.0,0.0,0.0,0.0,0.0,0.0,0.0,0.0,0.0,0.0,1568274.2452725784,0.0,0.0,0.0,0.0,0.0,3136548.4905459774,0.0,0.0,0.0,0.0,0.0,0.0,0.0,0.0,0.0,25092387.92436782,0.0,0.0,0.0,0.0,0.0,7057234.10372814,0.0,0.0,0.0,0.0,0.0,0.0,0.0,0.0,0.0,56457872.82982512,0.0,0.0,0.0,0.0,0.0,0.0,12546193.962184725,0.0,0.0,0.0,0.0,0.0,0.0,12546193.962184725,0.0,0.0,112915745.65966253,0.0,0.0,12546193.962184725,0.0,0.0
42,115.5223,38.8957,0.0,0.0,0.0,0.0,0.0,0.0,0.0,0.0,0.0,0.0,0.0,0.0,0.0,0.0,0.0,0.0,0.0,0.0,0.0,0.0,0.0,0.0,0.0,0.0,0.0,0.0,0.0,0.0,0.0,0.0,0.0,0.0,0.0,0.0,0.0,0.0,0.0,0.0,0.0,0.0,0.0,0.0,0.0,0.0,0.0,0.0,0.0,0.0,0.0,0.0,0.0,0.0,0.0,0.0,0.0,0.0,0.0,0.0,0.0,0.0,14114468.20745628,0.0,0.0,0.0,0.0,0.0,0.0,0.0,0.0,0.0,0.0,12546193.962184725,0.0,0.0,0.0,0.0,0.0,62730969.81092363,0.0,0.0
43,115.4713,38.9108,0.0,0.0,0.0,0.0,0.0,0.0,0.0,0.0,0.0,31365.484905392426,0.0,0.0,0.0,0.0,0.0,0.0,0.0,0.0,0.0,0.0,0.0,0.0,0.0,0.0,0.0,1568274.2452725784,0.0,1568274.2452725784,0.0,0.0,0.0,0.0,0.0,0.0,0.0,0.0,0.0,0.0,0.0,0.0,0.0,9409645.471637933,0.0,15682742.452729886,0.0,0.0,0.0,7057234.10372814,0.0,0.0,0.0,0.0,14114468.20745628,0.0,0.0,0.0,0.0,21171702.31118442,0.0,0.0,49400638.72609698,0.0,0.0,0.0,12546193.962184725,0.0,0.0,0.0,0.0,37638581.886554174,0.0,0.0,0.0,0.0,50184775.8487389,0.0,0.0,138008133.58403197,0.0,0.0
44,115.4612,38.8416,0.0,0.0,0.0,0.0,0.0,0.0,0.0,0.0,0.0,0.0,0.0,0.0,0.0,0.0,0.0,0.0,0.0,0.0,0.0,0.0,0.0,0.0,0.0,0.0,0.0,0.0,0.0,784137.1226362892,0.0,0.0,0.0,0.0,0.0,0.0,0.0,0.0,0.0,0.0,0.0,0.0,0.0,3136548.4905459774,0.0,6273096.981091955,0.0,0.0,7057234.10372814,0.0,0.0,0.0,0.0,0.0,0.0,0.0,0.0,0.0,0.0,14114468.20745628,0.0,0.0,14114468.20745628,0.0,0.0,12546193.962184725,0.0,0.0,0.0,0.0,0.0,12546193.962184725,0.0,0.0,0.0,0.0,37638581.886554174,0.0,0.0,50184775.8487389,0.0,0.0
45,115.442,38.8756,0.0,0.0,0.0,0.0,0.0,0.0,0.0,0.0,0.0,0.0,0.0,0.0,0.0,0.0,0.0,0.0,0.0,0.0,0.0,0.0,0.0,0.0,0.0,0.0,0.0,0.0,0.0,0.0,0.0,0.0,0.0,0.0,0.0,0.0,0.0,0.0,3136548.4905459774,0.0,0.0,0.0,0.0,0.0,0.0,0.0,0.0,0.0,0.0,0.0,0.0,0.0,0.0,7057234.10372814,7057234.10372814,0.0,0.0,0.0,0.0,28228936.41491256,0.0,0.0,0.0,0.0,0.0,0.0,0.0,0.0,0.0,0.0,37638581.886554174,12546193.962184725,0.0,0.0,0.0,0.0,87823357.73529308,0.0,0.0,12546193.962184725,0.0,0.0
46,114.8985,40.8367,0.0,0.0,0.0,31365.484905392426,0.0,0.0,0.0,0.0,0.0,0.0,0.0,0.0,0.0,0.0,0.0,0.0,0.0,0.0,784137.1226362892,0.0,0.0,0.0,0.0,0.0,0.0,0.0,0.0,1568274.2452725784,0.0,0.0,0.0,0.0,0.0,0.0,3136548.4905459774,34502033.39600575,0.0,0.0,3136548.4905459774,0.0,0.0,3136548.4905459774,0.0,37638581.88655173,0.0,0.0,0.0,0.0,0.0,0.0,14114468.20745628,134087447.97083466,14114468.20745628,0.0,14114468.20745628,0.0,0.0,28228936.41491256,0.0,0.0,261117661.83794117,0.0,0.0,12546193.962184725,0.0,50184775.8487389,25092387.92436945,87823357.73529308,351293430.9411723,25092387.92436945,0.0,100369551.6974778,0.0,0.0,75277163.77310835,0.0,0.0,840594995.4663765,0.0,12546193.962184725
47,114.892,40.79481,0.0,0.0,0.0,0.0,0.0,0.0,0.0,0.0,0.0,0.0,0.0,94096.45471617728,0.0,0.0,0.0,0.0,0.0,0.0,784137.1226362892,3136548.490545157,0.0,0.0,784137.1226362892,0.0,0.0,784137.1226362892,0.0,8625508.348999182,0.0,0.0,0.0,0.0,0.0,0.0,6273096.981091955,34502033.39600575,9409645.471637933,0.0,6273096.981091955,0.0,0.0,6273096.981091955,0.0,128598488.11238508,0.0,0.0,0.0,0.0,0.0,0.0,28228936.41491256,91744043.34846582,35286170.5186407,0.0,28228936.41491256,0.0,0.0,28228936.41491256,0.0,0.0,437548514.43114465,14114468.20745628,0.0,0.0,0.0,0.0,0.0,75277163.77310835,200739103.3949556,112915745.65966253,0.0,50184775.8487389,0.0,0.0,112915745.65966253,0.0,0.0,1380081335.8403199,37638581.886554174,0.0
48,114.8814,40.8115,0.0,0.0,0.0,0.0,31365.484905392426,0.0,0.0,0.0,0.0,0.0,0.0,31365.484905392426,0.0,0.0,0.0,0.0,0.0,0.0,0.0,784137.1226362892,0.0,0.0,0.0,0.0,0.0,1568274.2452725784,0.0,5488959.858454024,0.0,0.0,0.0,0.0,0.0,0.0,0.0,6273096.981091955,6273096.981091955,0.0,6273096.981091955,0.0,0.0,25092387.92436782,0.0,69004066.7920115,6273096.981091955,0.0,0.0,0.0,0.0,0.0,7057234.10372814,35286170.5186407,28228936.41491256,7057234.10372814,21171702.31118442,0.0,0.0,77629575.14100954,0.0,0.0,486949153.15724164,14114468.20745628,0.0,0.0,0.0,0.0,0.0,138008133.58403197,250923879.2436945,75277163.77310835,25092387.92436945,75277163.77310835,0.0,0.0,175646715.47058615,0.0,0.0,1769013348.6680462,25092387.92436945,0.0
49,114.9032,40.7688,0.0,0.0,0.0,0.0,0.0,0.0,0.0,31365.484905392426,0.0,0.0,0.0,31365.484905392426,0.0,0.0,0.0,0.0,0.0,0.0,0.0,0.0,0.0,0.0,784137.1226362892,0.0,0.0,0.0,0.0,7841371.226362892,0.0,0.0,0.0,0.0,0.0,0.0,3136548.4905459774,15682742.452729886,0.0,9409645.471637933,3136548.4905459774,0.0,0.0,0.0,0.0,97233003.2069253,6273096.981091955,0.0,0.0,0.0,0.0,0.0,28228936.41491256,148201916.17829093,14114468.20745628,21171702.31118442,7057234.10372814,0.0,0.0,14114468.20745628,0.0,0.0,352861705.18640697,14114468.20745628,7057234.10372814,0.0,12546193.962184725,12546193.962184725,0.0,87823357.73529308,602217310.1848668,50184775.8487389,37638581.886554174,12546193.962184725,0.0,0.0,37638581.886554174,0.0,0.0,815502607.5420071,25092387.92436945,12546193.962184725
50,114.904,40.8725,0.0,0.0,0.0,31365.484905392426,0.0,0.0,0.0,0.0,0.0,0.0,0.0,0.0,0.0,0.0,0.0,0.0,0.0,0.0,1568274.2452725784,0.0,0.0,0.0,0.0,0.0,0.0,0.0,0.0,784137.1226362892,0.0,0.0,0.0,0.0,9409645.471637933,0.0,9409645.471637933,0.0,0.0,0.0,0.0,0.0,0.0,0.0,0.0,6273096.981091955,0.0,0.0,0.0,0.0,28228936.41491256,0.0,49400638.72609698,0.0,0.0,0.0,0.0,0.0,0.0,0.0,0.0,0.0,63515106.933553256,0.0,0.0,12546193.962184725,0.0,62730969.81092363,0.0,100369551.6974778,0.0,0.0,0.0,0.0,0.0,0.0,0.0,0.0,0.0,138008133.58403197,0.0,0.0
51,117.9664,40.9161,0.0,0.0,0.0,0.0,0.0,0.0,0.0,0.0,0.0,0.0,0.0,0.0,0.0,0.0,0.0,0.0,0.0,0.0,0.0,0.0,0.0,0.0,0.0,0.0,0.0,0.0,0.0,1568274.2452725826,0.0,0.0,0.0,3136548.4905459695,0.0,0.0,0.0,0.0,0.0,0.0,0.0,0.0,0.0,0.0,0.0,40775130.37709761,0.0,0.0,0.0,21171702.311184093,0.0,0.0,0.0,21171702.311184093,14114468.207456062,0.0,0.0,0.0,0.0,7057234.103728031,0.0,0.0,119972979.76337652,0.0,0.0,0.0,37638581.88655397,0.0,0.0,12546193.962184656,87823357.7352926,100369551.69747725,0.0,0.0,0.0,0.0,12546193.962184656,0.0,0.0,238377685.28150848,0.0,0.0
52,117.9525,40.9843,0.0,0.0,0.0,31365.484905395606,0.0,0.0,0.0,0.0,0.0,0.0,0.0,0.0,0.0,0.0,0.0,0.0,0.0,0.0,784137.1226362913,0.0,0.0,0.0,0.0,0.0,0.0,0.0,0.0,784137.1226362913,0.0,0.0,0.0,0.0,0.0,0.0,6273096.981091939,3136548.4905459695,0.0,0.0,0.0,0.0,0.0,12546193.962183878,0.0,3136548.4905459695,0.0,0.0,0.0,7057234.103728031,0.0,0.0,28228936.414912123,42343404.62236819,0.0,0.0,0.0,0.0,0.0,35286170.51864015,0.0,0.0,7057234.103728031,7057234.103728031,0.0,0.0,12546193.962184656,0.0,0.0,50184775.848738626,163100521.50840053,0.0,0.0,0.0,0.0,0.0,62730969.81092328,0.0,0.0,62730969.81092328,12546193.962184656,12546193.962184656
53,117.963,40.9359,0.0,0.0,0.0,0.0,0.0,0.0,0.0,0.0,0.0,0.0,0.0,0.0,0.0,0.0,0.0,0.0,0.0,0.0,0.0,784137.1226362913,0.0,0.0,0.0,0.0,0.0,0.0,0.0,0.0,0.0,0.0,0.0,3136548.4905459695,0.0,0.0,3136548.4905459695,6273096.981091939,0.0,0.0,0.0,0.0,0.0,0.0,0.0,9409645.471637908,0.0,0.0,0.0,7057234.103728031,0.0,0.0,7057234.103728031,21171702.311184093,28228936.414912123,0.0,0.0,0.0,0.0,0.0,0.0,0.0,28228936.414912123,0.0,0.0,0.0,37638581.88655397,0.0,0.0,12546193.962184656,87823357.7352926,62730969.81092328,0.0,0.0,0.0,0.0,0.0,0.0,0.0,75277163.77310795,0.0,0.0
54,117.8184,40.9733,0.0,0.0,0.0,0.0,0.0,0.0,0.0,0.0,0.0,0.0,0.0,0.0,0.0,0.0,0.0,0.0,0.0,0.0,0.0,0.0,0.0,0.0,0.0,0.0,0.0,0.0,0.0,0.0,0.0,0.0,0.0,0.0,0.0,0.0,0.0,0.0,0.0,0.0,0.0,0.0,0.0,0.0,0.0,0.0,0.0,0.0,0.0,0.0,0.0,0.0,0.0,0.0,0.0,0.0,0.0,0.0,0.0,0.0,0.0,0.0,0.0,0.0,0.0,0.0,0.0,0.0,0.0,0.0,0.0,0.0,0.0,0.0,0.0,0.0,0.0,0.0,0.0,12546193.962184656,0.0,0.0
55,117.9384,41.0112,0.0,0.0,0.0,0.0,0.0,0.0,0.0,0.0,0.0,0.0,0.0,0.0,0.0,0.0,0.0,0.0,0.0,0.0,784137.1226362913,0.0,0.0,0.0,0.0,0.0,0.0,0.0,0.0,0.0,0.0,0.0,0.0,0.0,0.0,0.0,6273096.981091939,0.0,0.0,0.0,0.0,0.0,0.0,3136548.4905459695,0.0,6273096.981091939,0.0,3136548.4905459695,0.0,0.0,0.0,0.0,49400638.72609621,35286170.51864015,0.0,0.0,0.0,0.0,0.0,7057234.103728031,0.0,0.0,49400638.72609621,0.0,14114468.207456062,0.0,0.0,0.0,0.0,100369551.69747725,100369551.69747725,0.0,0.0,12546193.962184656,0.0,0.0,25092387.924369313,0.0,0.0,87823357.7352926,0.0,62730969.81092328
56,116.6838,39.5178,0.0,0.0,0.0,0.0,0.0,0.0,0.0,0.0,0.0,0.0,0.0,31365.484905392426,0.0,0.0,0.0,0.0,0.0,0.0,0.0,0.0,0.0,0.0,0.0,0.0,0.0,0.0,0.0,3920685.613181446,0.0,0.0,0.0,0.0,0.0,0.0,0.0,0.0,0.0,0.0,0.0,0.0,0.0,3136548.4905459774,0.0,37638581.88655173,0.0,0.0,0.0,14114468.20745628,0.0,0.0,0.0,0.0,0.0,0.0,0.0,0.0,0.0,14114468.20745628,0.0,0.0,204659789.00811607,7057234.10372814,0.0,0.0,37638581.886554174,0.0,0.0,0.0,0.0,12546193.962184725,0.0,0.0,0.0,0.0,37638581.886554174,0.0,0.0,702586861.8823446,12546193.962184725,0.0
57,116.715,39.5571,0.0,0.0,0.0,0.0,0.0,0.0,0.0,0.0,0.0,62730.96981078485,0.0,0.0,0.0,0.0,0.0,0.0,0.0,0.0,0.0,0.0,0.0,0.0,0.0,0.0,0.0,3136548.490545157,0.0,1568274.2452725784,0.0,0.0,0.0,3136548.4905459774,0.0,0.0,3136548.4905459774,0.0,0.0,0.0,0.0,0.0,0.0,28228936.414913796,0.0,18819290.943275865,0.0,0.0,0.0,14114468.20745628,0.0,0.0,7057234.10372814,0.0,0.0,0.0,0.0,0.0,0.0,77629575.14100954,0.0,0.0,63515106.933553256,0.0,0.0,0.0,50184775.8487389,0.0,0.0,12546193.962184725,0.0,0.0,0.0,0.0,0.0,0.0,150554327.5462167,0.0,0.0,163100521.50840142,0.0,0.0
58,116.7464,39.5343,0.0,0.0,0.0,0.0,0.0,0.0,0.0,0.0,0.0,0.0,0.0,0.0,0.0,0.0,0.0,0.0,0.0,0.0,0.0,0.0,0.0,0.0,0.0,0.0,0.0,0.0,0.0,0.0,0.0,0.0,0.0,0.0,0.0,0.0,0.0,0.0,0.0,0.0,0.0,0.0,0.0,0.0,0.0,0.0,0.0,0.0,0.0,0.0,0.0,0.0,0.0,0.0,0.0,7057234.10372814,0.0,0.0,0.0,0.0,0.0,0.0,0.0,0.0,0.0,0.0,25092387.92436945,0.0,0.0,0.0,0.0,37638581.886554174,12546193.962184725,0.0,0.0,0.0,25092387.92436945,0.0,0.0,62730969.81092363,0.0,0.0
59,116.8854,38.2991,0.0,0.0,0.0,0.0,0.0,0.0,0.0,0.0,0.0,0.0,0.0,0.0,0.0,0.0,0.0,0.0,0.0,0.0,0.0,0.0,0.0,0.0,0.0,0.0,0.0,0.0,0.0,784137.1226362892,0.0,0.0,0.0,0.0,0.0,0.0,0.0,0.0,3136548.4905459774,0.0,0.0,0.0,0.0,0.0,0.0,3136548.4905459774,0.0,0.0,0.0,14114468.20745628,0.0,0.0,0.0,7057234.10372814,7057234.10372814,0.0,0.0,0.0,0.0,0.0,0.0,0.0,14114468.20745628,0.0,0.0,0.0,37638581.886554174,0.0,0.0,0.0,12546193.962184725,12546193.962184725,0.0,0.0,0.0,0.0,12546193.962184725,0.0,0.0,37638581.886554174,0.0,0.0
60,116.8584,38.3254,0.0,0.0,0.0,0.0,0.0,31365.484905392426,0.0,0.0,0.0,0.0,0.0,0.0,0.0,0.0,0.0,0.0,0.0,0.0,0.0,0.0,784137.1226362892,0.0,0.0,0.0,0.0,0.0,0.0,0.0,0.0,0.0,0.0,0.0,0.0,0.0,0.0,0.0,6273096.981091955,0.0,0.0,0.0,0.0,0.0,0.0,3136548.4905459774,0.0,0.0,0.0,0.0,0.0,0.0,0.0,0.0,14114468.20745628,0.0,0.0,0.0,0.0,14114468.20745628,0.0,0.0,7057234.10372814,0.0,0.0,0.0,0.0,0.0,0.0,0.0,0.0,25092387.92436945,0.0,0.0,0.0,0.0,37638581.886554174,0.0,0.0,12546193.962184725,0.0,0.0
61,116.8709,38.3228,0.0,0.0,0.0,0.0,0.0,0.0,0.0,0.0,0.0,0.0,0.0,0.0,0.0,0.0,0.0,0.0,0.0,0.0,0.0,0.0,0.0,0.0,0.0,0.0,0.0,0.0,0.0,0.0,0.0,0.0,0.0,0.0,0.0,0.0,0.0,0.0,6273096.981091955,0.0,0.0,0.0,0.0,0.0,0.0,0.0,0.0,0.0,0.0,0.0,0.0,0.0,0.0,0.0,14114468.20745628,0.0,0.0,0.0,0.0,0.0,0.0,0.0,7057234.10372814,0.0,0.0,0.0,0.0,0.0,0.0,0.0,0.0,37638581.886554174,0.0,0.0,0.0,0.0,12546193.962184725,0.0,0.0,37638581.886554174,0.0,0.0
62,115.6951,37.7575,0.0,0.0,0.0,0.0,0.0,0.0,0.0,0.0,0.0,0.0,0.0,62730.9698109495,0.0,0.0,0.0,784137.1226364924,0.0,0.0,0.0,0.0,0.0,0.0,0.0,0.0,784137.1226364924,0.0,0.0,4704822.735818954,0.0,0.0,0.0,3136548.490546164,0.0,0.0,3136548.490546164,6273096.981092328,9409645.471638493,0.0,0.0,0.0,9409645.471638493,6273096.981092328,0.0,56457872.82983095,6273096.981092328,0.0,0.0,7057234.103728613,7057234.103728613,0.0,21171702.311185837,14114468.207457226,35286170.51864307,0.0,0.0,0.0,21171702.311185837,14114468.207457226,0.0,0.0,232888725.42304423,14114468.207457226,0.0,0.0,37638581.8865511,50184775.848734796,0.0,62730969.810918495,37638581.8865511,87823357.7352859,0.0,0.0,0.0,37638581.8865511,25092387.924367398,0.0,0.0,552032534.3360827,25092387.924367398,0.0
63,115.6426,37.7379,0.0,62730.9698109495,0.0,0.0,0.0,0.0,0.0,0.0,0.0,0.0,0.0,31365.48490547475,0.0,0.0,0.0,1568274.2452729847,0.0,0.0,0.0,3136548.4905459695,0.0,0.0,0.0,0.0,0.0,784137.1226364924,0.0,4704822.735818954,0.0,0.0,0.0,12546193.962184656,0.0,0.0,3136548.490546164,43911678.8676463,3136548.490546164,0.0,0.0,0.0,0.0,3136548.490546164,0.0,87823357.7352926,0.0,0.0,0.0,91744043.34847197,0.0,0.0,7057234.103728613,127030213.86711504,63515106.93355752,0.0,0.0,0.0,0.0,14114468.207457226,0.0,0.0,409319578.01625955,0.0,0.0,0.0,238377685.28149027,12546193.962183699,0.0,37638581.8865511,276016267.16804135,175646715.4705718,0.0,0.0,0.0,0.0,37638581.8865511,0.0,0.0,1016241710.9368796,12546193.962183699,0.0
64,114.4821,37.0967,0.0,0.0,0.0,0.0,0.0,0.0,0.0,0.0,0.0,0.0,0.0,31365.48490547475,0.0,0.0,0.0,0.0,0.0,0.0,0.0,2352411.367909477,0.0,0.0,0.0,0.0,0.0,0.0,0.0,7057234.103728431,0.0,0.0,0.0,3136548.490546164,0.0,0.0,0.0,69004066.79201561,3136548.490546164,0.0,0.0,0.0,0.0,6273096.981092328,0.0,69004066.79201561,0.0,0.0,0.0,35286170.51864307,0.0,0.0,0.0,247003193.63050145,7057234.103728613,0.0,0.0,0.0,0.0,14114468.207457226,0.0,0.0,211717023.1118584,7057234.103728613,0.0,0.0,125461939.62183699,0.0,0.0,0.0,526940146.4117154,12546193.962183699,0.0,0.0,0.0,0.0,25092387.924367398,0.0,0.0,464209176.6007969,25092387.924367398,0.0
65,114.5261,37.0533,0.0,0.0,0.0,0.0,0.0,0.0,0.0,0.0,0.0,0.0,0.0,0.0,0.0,0.0,0.0,0.0,0.0,0.0,0.0,0.0,784137.1226364924,0.0,0.0,0.0,0.0,0.0,0.0,0.0,0.0,0.0,0.0,3136548.490546164,0.0,0.0,0.0,0.0,12546193.962184656,0.0,0.0,0.0,0.0,3136548.490546164,0.0,0.0,0.0,0.0,0.0,14114468.207457226,0.0,0.0,0.0,91744043.34847197,42343404.62237167,0.0,0.0,0.0,0.0,98801277.45220058,0.0,0.0,0.0,7057234.103728613,0.0,0.0,37638581.8865511,0.0,0.0,0.0,163100521.5083881,75277163.7731022,0.0,0.0,0.0,0.0,225831491.31930658,0.0,0.0,0.0,12546193.962183699,0.0
66,114.5331,37.0964,0.0,0.0,0.0,0.0,0.0,0.0,0.0,0.0,0.0,0.0,0.0,0.0,0.0,0.0,0.0,0.0,0.0,0.0,0.0,0.0,784137.1226364924,0.0,0.0,0.0,0.0,0.0,0.0,0.0,0.0,0.0,0.0,0.0,0.0,0.0,0.0,0.0,6273096.981092328,0.0,0.0,0.0,0.0,0.0,0.0,9409645.471638493,0.0,0.0,0.0,7057234.103728613,0.0,0.0,0.0,0.0,21171702.311185837,0.0,0.0,0.0,0.0,7057234.103728613,0.0,0.0,21171702.311185837,7057234.103728613,0.0,0.0,25092387.924367398,0.0,0.0,0.0,0.0,37638581.8865511,0.0,0.0,0.0,0.0,12546193.962183699,0.0,0.0,75277163.7731022,12546193.962183699,0.0
67,112.522,37.8873,0.0,0.0,0.0,0.0,0.0,0.0,0.0,0.0,0.0,0.0,0.0,0.0,0.0,0.0,0.0,0.0,0.0,0.0,0.0,0.0,0.0,0.0,0.0,0.0,0.0,1568274.2452725908,0.0,0.0,0.0,0.0,0.0,0.0,0.0,0.0,0.0,0.0,0.0,0.0,0.0,0.0,0.0,18819290.943275966,0.0,3136548.490545994,0.0,0.0,0.0,0.0,0.0,0.0,0.0,0.0,0.0,169373618.48947555,0.0,0.0,0.0,63515106.93355333,0.0,0.0,42343404.62236889,0.0,0.0,0.0,12546193.96218472,0.0,0.0,0.0,0.0,25092387.92436944,476755370.56301934,0.0,0.0,0.0,138008133.5840319,0.0,0.0,125461939.6218472,12546193.96218472,0.0
68,112.573,37.9103,0.0,0.0,0.0,0.0,0.0,0.0,0.0,0.0,0.0,0.0,0.0,0.0,0.0,0.0,0.0,0.0,0.0,0.0,0.0,0.0,0.0,0.0,0.0,0.0,0.0,0.0,0.0,0.0,0.0,0.0,0.0,0.0,0.0,0.0,0.0,0.0,0.0,6273096.981091988,0.0,0.0,0.0,0.0,0.0,9409645.471637983,0.0,0.0,0.0,0.0,0.0,0.0,0.0,7057234.103728148,0.0,112915745.65965037,0.0,0.0,0.0,0.0,0.0,0.0,91744043.34846592,0.0,0.0,0.0,0.0,0.0,0.0,0.0,12546193.96218472,12546193.96218472,288562461.13024855,0.0,0.0,0.0,0.0,0.0,0.0,188192909.4327708,0.0,0.0
69,112.434,38.0108,0.0,0.0,0.0,0.0,0.0,0.0,0.0,0.0,0.0,62730.96981078794,0.0,0.0,0.0,0.0,0.0,0.0,0.0,0.0,784137.1226362954,0.0,0.0,0.0,0.0,0.0,0.0,2352411.367908886,0.0,0.0,0.0,0.0,0.0,0.0,0.0,0.0,3136548.490545994,0.0,0.0,0.0,0.0,0.0,0.0,9409645.471637983,0.0,0.0,0.0,0.0,0.0,0.0,0.0,0.0,7057234.103728148,0.0,0.0,0.0,0.0,0.0,0.0,21171702.311184444,0.0,0.0,7057234.103728148,0.0,0.0,0.0,0.0,0.0,0.0,12546193.96218472,0.0,0.0,0.0,0.0,0.0,0.0,37638581.88655416,0.0,0.0,12546193.96218472,0.0,0.0
70,112.469,37.7124,0.0,0.0,0.0,0.0,0.0,0.0,0.0,0.0,0.0,31365.484905476293,0.0,31365.484905476293,0.0,0.0,0.0,0.0,0.0,0.0,0.0,0.0,0.0,0.0,0.0,0.0,0.0,1568274.2452729973,0.0,4704822.735818991,0.0,0.0,0.0,0.0,0.0,0.0,0.0,0.0,0.0,0.0,0.0,0.0,0.0,25092387.924369436,0.0,40775130.37710033,0.0,0.0,0.0,0.0,42343404.622371726,0.0,0.0,0.0,0.0,0.0,0.0,0.0,0.0,70572341.0372862,0.0,0.0,119972979.76338656,0.0,0.0,0.0,0.0,112915745.65965325,0.0,0.0,0.0,12546193.962183693,0.0,0.0,0.0,0.0,138008133.5840206,0.0,0.0,276016267.1680412,0.0,0.0
71,112.5583,37.7394,0.0,0.0,0.0,0.0,0.0,0.0,0.0,0.0,0.0,0.0,0.0,0.0,0.0,0.0,0.0,0.0,0.0,0.0,0.0,0.0,0.0,0.0,0.0,0.0,0.0,0.0,0.0,0.0,0.0,0.0,0.0,0.0,0.0,0.0,0.0,0.0,0.0,0.0,0.0,0.0,0.0,0.0,0.0,3136548.4905461795,0.0,0.0,0.0,0.0,0.0,0.0,0.0,0.0,0.0,0.0,0.0,0.0,0.0,14114468.207457243,0.0,0.0,21171702.311185863,7057234.103728621,0.0,0.0,0.0,0.0,0.0,0.0,0.0,12546193.962183693,0.0,0.0,0.0,0.0,62730969.810918465,0.0,0.0,37638581.88655108,12546193.962183693,0.0
72,112.5369,37.8692,0.0,0.0,0.0,0.0,0.0,0.0,0.0,0.0,0.0,31365.48490539397,0.0,0.0,0.0,0.0,0.0,0.0,0.0,0.0,0.0,0.0,0.0,8625508.348999249,0.0,0.0,0.0,1568274.2452725908,0.0,3920685.613181477,0.0,0.0,0.0,3136548.490545994,0.0,0.0,0.0,0.0,0.0,90959906.22583383,0.0,0.0,0.0,18819290.943275966,0.0,50184775.848735906,0.0,0.0,0.0,28228936.414912593,0.0,0.0,0.0,0.0,0.0,486949153.15724224,0.0,0.0,0.0,77629575.14100963,0.0,0.0,176430852.5932037,0.0,0.0,0.0,62730969.8109236,0.0,0.0,0.0,12546193.96218472,0.0,1267165590.1806567,0.0,0.0,0.0,200739103.39495552,0.0,0.0,414024400.75209576,0.0,0.0
73,112.57,37.8195,0.0,0.0,0.0,0.0,0.0,31365.48490539397,0.0,0.0,0.0,0.0,0.0,0.0,0.0,0.0,0.0,0.0,0.0,0.0,0.0,784137.1226362954,784137.1226362954,0.0,0.0,0.0,0.0,0.0,0.0,0.0,0.0,0.0,0.0,0.0,0.0,0.0,3136548.4905460677,28228936.414914608,3136548.4905460677,0.0,0.0,0.0,0.0,3136548.4905460677,0.0,6273096.981092135,0.0,0.0,0.0,0.0,0.0,0.0,7057234.1037284,63515106.933555596,7057234.1037284,0.0,0.0,0.0,0.0,21171702.3111852,0.0,0.0,28228936.4149136,0.0,0.0,0.0,12546193.962184224,0.0,0.0,12546193.962184224,112915745.65965801,12546193.962184224,0.0,0.0,0.0,0.0,100369551.6974738,0.0,0.0,125461939.62184224,0.0,0.0
74,112.549,37.9854,0.0,0.0,0.0,0.0,0.0,0.0,0.0,0.0,0.0,0.0,0.0,0.0,0.0,0.0,0.0,0.0,0.0,0.0,0.0,0.0,0.0,0.0,0.0,0.0,0.0,0.0,0.0,0.0,0.0,0.0,0.0,0.0,0.0,0.0,0.0,0.0,3136548.490545994,0.0,0.0,0.0,0.0,0.0,0.0,0.0,0.0,0.0,0.0,0.0,0.0,0.0,0.0,0.0,7057234.103728148,0.0,0.0,0.0,0.0,7057234.103728148,0.0,0.0,0.0,0.0,0.0,0.0,0.0,0.0,0.0,0.0,0.0,12546193.96218472,0.0,0.0,0.0,0.0,25092387.92436944,0.0,0.0,0.0,0.0,0.0
75,112.488,37.7805,0.0,0.0,0.0,0.0,0.0,0.0,0.0,0.0,0.0,0.0,0.0,0.0,0.0,0.0,0.0,0.0,0.0,0.0,0.0,0.0,0.0,0.0,0.0,0.0,0.0,784137.1226364987,0.0,0.0,0.0,0.0,0.0,0.0,0.0,0.0,0.0,0.0,0.0,0.0,0.0,0.0,0.0,3136548.4905461795,0.0,0.0,0.0,0.0,0.0,0.0,0.0,0.0,0.0,0.0,0.0,0.0,0.0,0.0,0.0,7057234.103728621,0.0,0.0,0.0,0.0,0.0,0.0,0.0,0.0,0.0,0.0,0.0,0.0,0.0,0.0,0.0,0.0,25092387.924367387,0.0,0.0,0.0,0.0,0.0
76,116.988,36.6114,0.0,0.0,0.0,31365.48490547475,0.0,0.0,0.0,0.0,0.0,0.0,0.0,31365.48490547475,0.0,0.0,0.0,0.0,0.0,0.0,1568274.2452729847,0.0,0.0,0.0,0.0,0.0,0.0,0.0,0.0,2352411.367909477,0.0,0.0,0.0,3136548.490546164,0.0,0.0,6273096.981092328,0.0,0.0,0.0,0.0,0.0,0.0,0.0,0.0,25092387.924369313,0.0,0.0,0.0,14114468.207457226,0.0,0.0,21171702.311185837,0.0,0.0,0.0,7057234.103728613,0.0,0.0,14114468.207457226,0.0,0.0,169373618.4894867,0.0,0.0,0.0,50184775.848734796,0.0,0.0,87823357.7352859,0.0,12546193.962183699,0.0,12546193.962183699,0.0,0.0,62730969.810918495,0.0,0.0,577124922.2604501,0.0,0.0
77,116.93,36.67,0.0,31365.48490547475,0.0,0.0,0.0,0.0,0.0,0.0,0.0,0.0,0.0,0.0,0.0,0.0,0.0,784137.1226364924,0.0,0.0,0.0,0.0,0.0,0.0,784137.1226364924,0.0,0.0,784137.1226364924,0.0,784137.1226364924,784137.1226364924,0.0,0.0,3136548.490546164,0.0,0.0,0.0,0.0,3136548.490546164,0.0,3136548.490546164,0.0,0.0,6273096.981092328,0.0,21955839.43382315,6273096.981092328,0.0,0.0,7057234.103728613,0.0,0.0,0.0,0.0,7057234.103728613,0.0,7057234.103728613,0.0,0.0,28228936.41491445,0.0,0.0,134087447.97084364,14114468.207457226,0.0,0.0,37638581.8865511,0.0,0.0,0.0,0.0,25092387.924367398,0.0,12546193.962183699,0.0,0.0,100369551.69746959,0.0,12546193.962183699,401478206.78987837,37638581.8865511,0.0
78,116.989,36.6872,0.0,0.0,0.0,0.0,0.0,0.0,0.0,0.0,0.0,0.0,0.0,31365.48490547475,0.0,0.0,0.0,0.0,0.0,0.0,0.0,0.0,0.0,0.0,0.0,0.0,0.0,0.0,0.0,3920685.613182462,0.0,0.0,0.0,0.0,0.0,0.0,0.0,0.0,12546193.962184656,0.0,0.0,0.0,0.0,9409645.471638493,0.0,56457872.82983095,0.0,0.0,0.0,14114468.207457226,0.0,0.0,0.0,21171702.311185837,28228936.41491445,0.0,0.0,0.0,0.0,63515106.93355752,0.0,0.0,289346598.2528731,7057234.103728613,0.0,0.0,112915745.65965329,0.0,0.0,0.0,37638581.8865511,75277163.7731022,0.0,0.0,0.0,0.0,188192909.43275547,0.0,163100521.5083881,928418353.2015938,37638581.8865511,0.0
79,117.0684,36.6868,0.0,0.0,0.0,0.0,0.0,0.0,0.0,0.0,0.0,0.0,0.0,94096.45471642425,0.0,0.0,0.0,0.0,0.0,0.0,3136548.4905459695,0.0,784137.1226364924,0.0,0.0,0.0,0.0,2352411.367909477,0.0,16466879.57536634,0.0,0.0,0.0,9409645.471638493,0.0,0.0,12546193.962184656,21955839.43382315,15682742.45273082,0.0,0.0,0.0,0.0,31365484.90546164,0.0,269743170.1869701,0.0,0.0,0.0,42343404.62237167,0.0,0.0,28228936.41491445,49400638.72610029,63515106.93355752,0.0,0.0,0.0,0.0,112915745.6596578,0.0,0.0,1263244904.5674217,7057234.103728613,0.0,12546193.962183699,138008133.58402067,0.0,0.0,75277163.7731022,225831491.31930658,150554327.5462044,0.0,0.0,0.0,0.0,539486340.3738991,0.0,0.0,4014782067.8987837,12546193.962183699,0.0
80,116.943,36.6489,0.0,0.0,0.0,0.0,0.0,0.0,0.0,0.0,0.0,31365.48490547475,0.0,31365.48490547475,0.0,0.0,0.0,784137.1226364924,0.0,0.0,0.0,0.0,0.0,0.0,0.0,0.0,0.0,2352411.367909477,0.0,4704822.735818954,0.0,0.0,0.0,6273096.981092328,0.0,0.0,0.0,0.0,6273096.981092328,0.0,3136548.490546164,0.0,0.0,9409645.471638493,3136548.490546164,40775130.37710013,0.0,0.0,0.0,21171702.311185837,0.0,0.0,7057234.103728613,0.0,28228936.41491445,0.0,7057234.103728613,0.0,0.0,63515106.93355752,0.0,7057234.103728613,119972979.76338641,0.0,0.0,0.0,62730969.810918495,0.0,0.0,12546193.962183699,0.0,87823357.7352859,0.0,25092387.924367398,0.0,0.0,163100521.5083881,0.0,12546193.962183699,388932012.82769465,12546193.962183699,0.0
81,116.734,36.5336,0.0,0.0,0.0,31365.48490547475,0.0,0.0,0.0,0.0,0.0,0.0,0.0,0.0,0.0,0.0,0.0,0.0,0.0,0.0,3136548.4905459695,0.0,0.0,0.0,0.0,0.0,0.0,0.0,0.0,0.0,0.0,0.0,0.0,0.0,0.0,0.0,28228936.414915476,0.0,0.0,0.0,9409645.471638493,0.0,0.0,0.0,0.0,0.0,0.0,0.0,0.0,0.0,0.0,0.0,70572341.03728613,0.0,0.0,0.0,21171702.311185837,0.0,0.0,0.0,0.0,0.0,14114468.207457226,0.0,0.0,0.0,0.0,0.0,0.0,200739103.39493918,0.0,12546193.962183699,0.0,50184775.848734796,0.0,0.0,0.0,0.0,0.0,75277163.7731022,0.0,12546193.962183699
82,113.681,34.7545,0.0,31365.484905475838,0.0,0.0,31365.484905475838,0.0,0.0,0.0,0.0,31365.484905475838,0.0,0.0,0.0,0.0,0.0,1568274.2452729887,0.0,0.0,0.0,3920685.6131824716,0.0,0.0,0.0,0.0,0.0,3136548.4905459774,0.0,6273096.981091955,0.0,0.0,0.0,21955839.43382327,0.0,0.0,0.0,34502033.39600799,0.0,0.0,0.0,0.0,0.0,34502033.39600799,0.0,59594421.32037745,0.0,0.0,0.0,105858511.55592926,7057234.103728618,0.0,0.0,409319578.0162598,14114468.207457235,0.0,0.0,0.0,0.0,112915745.65965788,0.0,0.0,416376812.11998844,14114468.207457235,0.0,0.0,338747236.9789596,12546193.96218369,0.0,0.0,1292257978.1049201,37638581.88655107,0.0,0.0,0.0,0.0,250923879.2436738,0.0,0.0,1367535141.8780222,75277163.77310213,0.0
83,113.641,34.7745,0.0,0.0,0.0,0.0,0.0,0.0,0.0,0.0,0.0,0.0,0.0,0.0,0.0,0.0,0.0,0.0,0.0,0.0,0.0,0.0,0.0,0.0,0.0,0.0,0.0,0.0,0.0,784137.1226364943,0.0,0.0,0.0,3136548.4905461813,0.0,0.0,0.0,6273096.981092363,0.0,0.0,0.0,0.0,0.0,0.0,0.0,21955839.43382327,0.0,0.0,0.0,21171702.31118585,0.0,0.0,0.0,77629575.1410148,7057234.103728618,0.0,0.0,0.0,0.0,21171702.31118585,0.0,0.0,148201916.17830098,0.0,0.0,0.0,100369551.69746952,0.0,0.0,0.0,288562461.1302249,12546193.96218369,0.0,0.0,0.0,0.0,75277163.77310213,0.0,0.0,401478206.7898781,12546193.96218369,0.0
84,113.675,34.8019,0.0,0.0,0.0,0.0,0.0,0.0,0.0,0.0,0.0,0.0,0.0,0.0,0.0,0.0,0.0,0.0,0.0,0.0,0.0,0.0,0.0,0.0,0.0,0.0,0.0,3920685.6131824716,0.0,0.0,0.0,0.0,0.0,0.0,0.0,0.0,0.0,0.0,0.0,0.0,0.0,0.0,0.0,43911678.86764654,0.0,6273096.981092363,0.0,0.0,0.0,14114468.207457235,0.0,0.0,0.0,7057234.103728618,0.0,0.0,0.0,0.0,0.0,225831491.31931576,0.0,0.0,63515106.933557555,0.0,0.0,0.0,112915745.6596532,0.0,0.0,0.0,200739103.39493904,0.0,0.0,0.0,0.0,0.0,526940146.411715,0.0,0.0,250923879.2436738,12546193.96218369,0.0
85,113.564,34.802,0.0,0.0,0.0,0.0,0.0,0.0,0.0,0.0,0.0,0.0,0.0,0.0,0.0,0.0,0.0,3136548.4905459774,0.0,0.0,0.0,784137.1226364943,0.0,0.0,0.0,0.0,0.0,784137.1226364943,0.0,1568274.2452729887,0.0,0.0,0.0,15682742.452730907,0.0,0.0,0.0,6273096.981092363,3136548.4905461813,0.0,3136548.4905461813,0.0,0.0,25092387.92436945,0.0,12546193.962184725,0.0,0.0,0.0,77629575.1410148,0.0,0.0,0.0,14114468.207457235,28228936.41491447,0.0,7057234.103728618,0.0,0.0,84686809.2447434,0.0,0.0,49400638.726100326,0.0,0.0,0.0,188192909.43275535,0.0,0.0,0.0,75277163.77310213,50184775.84873476,0.0,12546193.96218369,0.0,0.0,200739103.39493904,0.0,0.0,150554327.54620427,0.0,0.0
86,113.727,34.7187,0.0,0.0,0.0,0.0,0.0,0.0,0.0,0.0,0.0,31365.484905475838,0.0,0.0,0.0,0.0,0.0,0.0,0.0,0.0,0.0,0.0,0.0,0.0,0.0,0.0,0.0,784137.1226364943,0.0,0.0,0.0,0.0,0.0,0.0,0.0,0.0,0.0,6273096.981092363,0.0,0.0,0.0,0.0,0.0,12546193.962184725,0.0,6273096.981092363,0.0,0.0,0.0,0.0,0.0,0.0,0.0,42343404.6223717,7057234.103728618,0.0,0.0,0.0,0.0,56457872.82982894,0.0,0.0,35286170.51864309,0.0,0.0,0.0,0.0,0.0,0.0,0.0,276016267.16804117,25092387.92436738,0.0,0.0,0.0,0.0,213285297.35712272,0.0,0.0,150554327.54620427,0.0,0.0
87,113.734,34.719,0.0,0.0,0.0,0.0,0.0,0.0,0.0,0.0,0.0,0.0,0.0,31365.484905475838,0.0,0.0,0.0,0.0,0.0,0.0,0.0,0.0,0.0,0.0,0.0,0.0,0.0,0.0,0.0,1568274.2452729887,0.0,0.0,0.0,0.0,0.0,0.0,0.0,3136548.4905461813,0.0,0.0,0.0,0.0,0.0,3136548.4905461813,0.0,9409645.471638544,0.0,0.0,0.0,0.0,0.0,0.0,0.0,35286170.51864309,7057234.103728618,0.0,0.0,0.0,0.0,49400638.726100326,0.0,0.0,21171702.31118585,0.0,0.0,0.0,0.0,0.0,0.0,0.0,125461939.6218369,50184775.84873476,0.0,0.0,0.0,0.0,125461939.6218369,0.0,0.0,75277163.77310213,0.0,0.0
88,113.6356,34.7538,0.0,0.0,0.0,0.0,0.0,0.0,0.0,31365.484905475838,0.0,0.0,0.0,0.0,0.0,0.0,0.0,0.0,0.0,0.0,0.0,1568274.2452729887,0.0,0.0,784137.1226364943,0.0,0.0,0.0,0.0,0.0,0.0,0.0,0.0,0.0,0.0,0.0,0.0,15682742.452730907,0.0,0.0,3136548.4905461813,0.0,0.0,3136548.4905461813,0.0,3136548.4905461813,0.0,0.0,0.0,14114468.207457235,0.0,0.0,0.0,134087447.97084373,0.0,0.0,7057234.103728618,0.0,0.0,42343404.6223717,0.0,0.0,63515106.933557555,0.0,0.0,0.0,100369551.69746952,0.0,0.0,0.0,426570594.71424544,12546193.96218369,0.0,12546193.96218369,0.0,0.0,138008133.58402058,0.0,0.0,188192909.43275535,0.0,0.0
89,113.6113,34.9162,0.0,0.0,0.0,0.0,0.0,0.0,0.0,0.0,0.0,0.0,0.0,0.0,0.0,0.0,0.0,0.0,784137.1226364943,784137.1226364943,0.0,0.0,0.0,0.0,0.0,0.0,0.0,0.0,0.0,0.0,0.0,0.0,0.0,0.0,9409645.471638544,3136548.4905461813,3136548.4905461813,0.0,0.0,0.0,0.0,0.0,0.0,3136548.4905461813,0.0,0.0,0.0,0.0,0.0,0.0,35286170.51864309,14114468.207457235,35286170.51864309,0.0,0.0,0.0,0.0,0.0,7057234.103728618,7057234.103728618,0.0,0.0,7057234.103728618,0.0,0.0,0.0,0.0,100369551.69746952,50184775.84873476,100369551.69746952,0.0,0.0,0.0,0.0,0.0,37638581.88655107,12546193.96218369,0.0,0.0,12546193.96218369,0.0,0.0
90,116.3061,37.4664,0.0,0.0,0.0,0.0,0.0,0.0,0.0,0.0,0.0,0.0,0.0,0.0,0.0,0.0,0.0,0.0,0.0,0.0,0.0,0.0,0.0,0.0,0.0,0.0,0.0,784137.1226364924,0.0,0.0,0.0,0.0,0.0,0.0,0.0,0.0,0.0,0.0,0.0,0.0,0.0,0.0,0.0,3136548.490546164,0.0,0.0,0.0,0.0,0.0,0.0,0.0,0.0,0.0,0.0,7057234.103728613,0.0,0.0,0.0,0.0,7057234.103728613,0.0,0.0,0.0,0.0,0.0,0.0,0.0,0.0,0.0,0.0,0.0,25092387.924367398,0.0,0.0,0.0,0.0,12546193.962183699,0.0,0.0,0.0,0.0,0.0
91,116.2729,37.4504,0.0,0.0,0.0,0.0,0.0,0.0,0.0,0.0,0.0,0.0,0.0,0.0,0.0,0.0,0.0,0.0,0.0,0.0,0.0,0.0,0.0,0.0,0.0,0.0,0.0,1568274.2452729847,0.0,784137.1226364924,0.0,0.0,0.0,0.0,0.0,0.0,0.0,0.0,6273096.981092328,0.0,0.0,0.0,0.0,6273096.981092328,0.0,15682742.45273082,0.0,0.0,0.0,0.0,0.0,0.0,0.0,0.0,14114468.207457226,0.0,0.0,0.0,0.0,21171702.311185837,0.0,0.0,127030213.86711504,0.0,0.0,0.0,0.0,0.0,0.0,0.0,0.0,62730969.810918495,0.0,0.0,0.0,0.0,37638581.8865511,0.0,0.0,326201043.0167762,0.0,0.0
92,116.3189,37.4489,0.0,0.0,0.0,0.0,0.0,0.0,0.0,0.0,0.0,0.0,0.0,0.0,0.0,0.0,0.0,0.0,0.0,0.0,0.0,0.0,0.0,0.0,0.0,0.0,0.0,784137.1226364924,0.0,0.0,0.0,0.0,0.0,0.0,0.0,0.0,0.0,0.0,0.0,0.0,0.0,0.0,0.0,6273096.981092328,0.0,0.0,0.0,0.0,0.0,0.0,0.0,0.0,0.0,0.0,0.0,0.0,0.0,0.0,0.0,21171702.311185837,0.0,0.0,0.0,0.0,0.0,0.0,0.0,0.0,0.0,0.0,0.0,0.0,0.0,0.0,0.0,0.0,50184775.848734796,0.0,0.0,0.0,0.0,0.0
93,115.9848,36.4372,0.0,0.0,0.0,0.0,0.0,0.0,0.0,0.0,0.0,0.0,0.0,0.0,0.0,0.0,0.0,784137.1226364924,0.0,0.0,0.0,3136548.4905459695,0.0,0.0,0.0,0.0,0.0,0.0,0.0,0.0,0.0,0.0,0.0,6273096.981092328,0.0,0.0,0.0,47048227.35819246,0.0,0.0,0.0,0.0,0.0,0.0,0.0,6273096.981092328,0.0,0.0,0.0,21171702.311185837,0.0,0.0,0.0,105858511.5559292,0.0,0.0,0.0,0.0,0.0,0.0,0.0,0.0,42343404.62237167,0.0,7057234.103728613,0.0,62730969.810918495,0.0,0.0,100369551.69746959,200739103.39493918,0.0,0.0,0.0,0.0,0.0,62730969.810918495,0.0,0.0,138008133.58402067,0.0,12546193.962183699
94,115.9968,36.4568,0.0,0.0,0.0,0.0,0.0,0.0,0.0,0.0,0.0,0.0,0.0,0.0,0.0,0.0,0.0,0.0,0.0,0.0,1568274.2452729847,0.0,0.0,0.0,0.0,0.0,0.0,784137.1226364924,0.0,0.0,0.0,0.0,0.0,3136548.490546164,0.0,0.0,18819290.943276986,0.0,0.0,0.0,0.0,0.0,0.0,6273096.981092328,0.0,3136548.490546164,0.0,3136548.490546164,0.0,28228936.41491445,0.0,0.0,49400638.72610029,0.0,0.0,0.0,0.0,0.0,0.0,14114468.207457226,0.0,0.0,7057234.103728613,0.0,14114468.207457226,0.0,62730969.810918495,0.0,0.0,100369551.69746959,0.0,12546193.962183699,0.0,0.0,0.0,0.0,25092387.924367398,0.0,0.0,37638581.8865511,0.0,25092387.924367398
95,115.9835,36.4796,0.0,0.0,0.0,0.0,0.0,0.0,0.0,0.0,0.0,0.0,0.0,0.0,0.0,0.0,0.0,0.0,0.0,0.0,2352411.367909477,0.0,0.0,0.0,0.0,0.0,0.0,0.0,0.0,0.0,0.0,0.0,0.0,0.0,0.0,0.0,18819290.943276986,0.0,0.0,0.0,0.0,0.0,0.0,3136548.490546164,0.0,0.0,0.0,0.0,0.0,7057234.103728613,0.0,0.0,91744043.34847197,0.0,7057234.103728613,0.0,0.0,0.0,0.0,7057234.103728613,0.0,0.0,7057234.103728613,0.0,0.0,0.0,25092387.924367398,0.0,0.0,263470073.2058577,0.0,12546193.962183699,0.0,0.0,0.0,0.0,37638581.8865511,0.0,0.0,12546193.962183699,0.0,12546193.962183699
96,118.0018,37.3617,0.0,0.0,0.0,0.0,0.0,0.0,0.0,0.0,0.0,0.0,0.0,0.0,0.0,0.0,0.0,0.0,0.0,0.0,0.0,0.0,0.0,0.0,0.0,0.0,0.0,0.0,0.0,0.0,0.0,0.0,0.0,0.0,0.0,0.0,0.0,0.0,0.0,0.0,0.0,0.0,0.0,0.0,0.0,0.0,0.0,0.0,0.0,0.0,0.0,0.0,0.0,0.0,0.0,0.0,0.0,0.0,0.0,0.0,0.0,0.0,7057234.103728504,0.0,0.0,0.0,0.0,0.0,0.0,0.0,0.0,0.0,0.0,0.0,0.0,0.0,0.0,0.0,0.0,12546193.96218363,0.0,0.0
97,117.9776,37.393,0.0,0.0,0.0,0.0,0.0,0.0,0.0,0.0,0.0,0.0,0.0,0.0,0.0,0.0,0.0,0.0,0.0,0.0,0.0,0.0,0.0,0.0,0.0,0.0,0.0,0.0,0.0,0.0,0.0,0.0,0.0,0.0,0.0,0.0,0.0,0.0,0.0,0.0,0.0,0.0,0.0,0.0,0.0,6273096.981092311,0.0,0.0,0.0,0.0,0.0,0.0,0.0,0.0,0.0,0.0,0.0,0.0,0.0,14114468.207457008,0.0,0.0,35286170.51864252,7057234.103728504,0.0,0.0,0.0,0.0,0.0,0.0,0.0,0.0,0.0,0.0,0.0,0.0,75277163.77310178,0.0,0.0,75277163.77310178,12546193.96218363,0.0
98,118.0448,36.838,0.0,0.0,0.0,0.0,0.0,0.0,0.0,0.0,0.0,31365.484905477937,0.0,31365.484905477937,0.0,0.0,0.0,784137.1226364943,0.0,0.0,0.0,0.0,0.0,0.0,0.0,0.0,0.0,784137.1226364943,0.0,4704822.735818966,0.0,0.0,0.0,6273096.981092311,0.0,0.0,0.0,0.0,6273096.981092311,0.0,0.0,0.0,0.0,9409645.471638467,0.0,56457872.8298308,0.0,0.0,0.0,35286170.51864252,0.0,0.0,91744043.34847055,0.0,14114468.207457008,0.0,0.0,0.0,0.0,35286170.51864252,0.0,0.0,197602554.9043981,0.0,0.0,0.0,87823357.73528542,0.0,0.0,250923879.2436726,0.0,37638581.88655089,0.0,0.0,0.0,0.0,112915745.65965267,0.0,0.0,464209176.6007943,0.0,0.0
99,117.8477,36.497,0.0,0.0,0.0,0.0,0.0,0.0,0.0,0.0,0.0,31365.484905477937,0.0,0.0,0.0,0.0,0.0,0.0,0.0,0.0,0.0,0.0,0.0,0.0,0.0,0.0,0.0,784137.1226364943,0.0,0.0,0.0,0.0,0.0,0.0,0.0,0.0,0.0,0.0,3136548.4905461557,0.0,0.0,0.0,0.0,3136548.4905461557,0.0,0.0,0.0,0.0,0.0,0.0,0.0,0.0,7057234.103728504,0.0,7057234.103728504,0.0,0.0,0.0,0.0,7057234.103728504,0.0,0.0,0.0,0.0,0.0,0.0,0.0,0.0,0.0,12546193.96218363,0.0,12546193.96218363,0.0,0.0,0.0,0.0,12546193.96218363,0.0,0.0,0.0,0.0,0.0
100,117.9544,36.6377,0.0,0.0,0.0,0.0,0.0,0.0,0.0,0.0,0.0,0.0,0.0,0.0,0.0,0.0,0.0,0.0,0.0,0.0,0.0,0.0,0.0,0.0,0.0,0.0,0.0,0.0,0.0,0.0,0.0,0.0,0.0,0.0,0.0,0.0,0.0,0.0,0.0,0.0,0.0,0.0,0.0,0.0,0.0,0.0,0.0,0.0,0.0,0.0,0.0,0.0,0.0,0.0,0.0,0.0,0.0,0.0,0.0,0.0,0.0,0.0,0.0,0.0,0.0,0.0,0.0,0.0,0.0,0.0,0.0,12546193.96218363,0.0,0.0,0.0,0.0,0.0,0.0,0.0,0.0,0.0,0.0
101,118.3092,36.8198,0.0,0.0,0.0,0.0,0.0,0.0,0.0,0.0,0.0,0.0,0.0,0.0,0.0,0.0,0.0,0.0,0.0,0.0,0.0,0.0,0.0,0.0,0.0,0.0,0.0,2352411.367909483,0.0,784137.1226364943,0.0,0.0,0.0,9409645.471638467,0.0,0.0,0.0,0.0,0.0,0.0,0.0,0.0,0.0,15682742.452730779,0.0,12546193.962184623,0.0,0.0,0.0,28228936.414914016,0.0,0.0,0.0,0.0,7057234.103728504,0.0,0.0,0.0,0.0,49400638.72609953,0.0,0.0,56457872.82982803,0.0,0.0,0.0,62730969.81091815,0.0,0.0,0.0,0.0,12546193.96218363,0.0,0.0,0.0,0.0,125461939.6218363,0.0,0.0,225831491.31930533,0.0,0.0
102,117.8512,36.8041,0.0,0.0,0.0,0.0,0.0,0.0,0.0,0.0,0.0,0.0,0.0,0.0,0.0,0.0,0.0,0.0,0.0,0.0,0.0,0.0,0.0,0.0,0.0,0.0,0.0,0.0,0.0,0.0,0.0,0.0,0.0,0.0,0.0,0.0,0.0,0.0,0.0,0.0,0.0,0.0,0.0,0.0,0.0,0.0,0.0,0.0,0.0,0.0,0.0,0.0,0.0,0.0,0.0,0.0,0.0,0.0,0.0,0.0,0.0,0.0,0.0,0.0,0.0,0.0,0.0,0.0,0.0,0.0,0.0,12546193.96218363,0.0,0.0,0.0,0.0,0.0,0.0,0.0,0.0,0.0,0.0
103,116.6305,35.428,0.0,0.0,0.0,0.0,0.0,0.0,0.0,0.0,0.0,0.0,0.0,0.0,0.0,0.0,0.0,0.0,0.0,0.0,0.0,0.0,0.0,0.0,0.0,0.0,0.0,2352411.367909477,0.0,784137.1226364924,0.0,0.0,0.0,0.0,0.0,0.0,0.0,0.0,0.0,0.0,0.0,0.0,0.0,15682742.45273082,0.0,3136548.490546164,0.0,0.0,0.0,7057234.103728613,0.0,0.0,0.0,0.0,0.0,7057234.103728613,0.0,0.0,0.0,56457872.8298289,0.0,0.0,35286170.51864307,0.0,0.0,0.0,12546193.962183699,0.0,0.0,0.0,0.0,12546193.962183699,12546193.962183699,0.0,0.0,0.0,100369551.69746959,0.0,0.0,125461939.62183699,0.0,0.0
104,116.5546,35.4039,0.0,0.0,0.0,0.0,0.0,0.0,0.0,0.0,0.0,0.0,0.0,0.0,0.0,0.0,0.0,0.0,0.0,0.0,0.0,0.0,784137.1226364924,0.0,0.0,0.0,0.0,0.0,0.0,0.0,0.0,0.0,0.0,0.0,0.0,0.0,0.0,0.0,3136548.490546164,0.0,0.0,0.0,0.0,0.0,0.0,0.0,0.0,0.0,0.0,0.0,0.0,0.0,0.0,0.0,7057234.103728613,0.0,0.0,0.0,0.0,0.0,0.0,0.0,0.0,0.0,0.0,0.0,0.0,0.0,0.0,0.0,0.0,12546193.962183699,0.0,0.0,0.0,0.0,12546193.962183699,0.0,0.0,12546193.962183699,0.0,0.0
105,115.42277,35.248889,0.0,0.0,0.0,0.0,0.0,0.0,0.0,0.0,0.0,0.0,0.0,31365.48490547475,0.0,0.0,0.0,0.0,0.0,0.0,0.0,0.0,0.0,0.0,0.0,0.0,0.0,2352411.367909477,0.0,7841371.226364924,0.0,0.0,0.0,0.0,0.0,0.0,0.0,9409645.471638493,0.0,0.0,0.0,0.0,0.0,25092387.924369313,3136548.490546164,72140615.28256178,0.0,0.0,0.0,7057234.103728613,0.0,0.0,7057234.103728613,98801277.45220058,7057234.103728613,0.0,0.0,0.0,0.0,127030213.86711504,0.0,7057234.103728613,268174895.9416873,0.0,21171702.311185837,0.0,25092387.924367398,0.0,0.0,12546193.962183699,188192909.43275547,213285297.3571229,0.0,0.0,0.0,0.0,263470073.2058577,0.0,12546193.962183699,677494473.9579197,0.0,37638581.8865511
106,115.474722,35.2375,0.0,0.0,0.0,0.0,0.0,0.0,0.0,0.0,0.0,0.0,0.0,31365.48490547475,0.0,0.0,0.0,784137.1226364924,0.0,0.0,0.0,784137.1226364924,0.0,0.0,0.0,0.0,0.0,1568274.2452729847,0.0,3136548.4905459695,0.0,0.0,0.0,3136548.490546164,0.0,0.0,3136548.490546164,6273096.981092328,0.0,0.0,0.0,0.0,0.0,28228936.414915476,0.0,43911678.8676463,0.0,0.0,0.0,21171702.311185837,0.0,0.0,28228936.41491445,14114468.207457226,0.0,0.0,0.0,0.0,0.0,112915745.6596578,0.0,0.0,247003193.63050145,0.0,0.0,0.0,87823357.7352859,0.0,0.0,50184775.848734796,25092387.924367398,0.0,0.0,0.0,0.0,0.0,263470073.2058577,0.0,37638581.8865511,853141189.4284916,0.0,0.0
107,115.455,35.27,0.0,0.0,0.0,0.0,31365.48490547475,0.0,0.0,0.0,0.0,0.0,0.0,0.0,0.0,0.0,0.0,0.0,0.0,0.0,0.0,16466879.57536634,0.0,0.0,0.0,0.0,0.0,2352411.367909477,0.0,784137.1226364924,0.0,6273096.981091939,0.0,0.0,0.0,0.0,0.0,112915745.6596619,0.0,0.0,0.0,0.0,0.0,28228936.414915476,0.0,15682742.45273082,0.0,59594421.32037712,0.0,0.0,0.0,0.0,0.0,268174895.9416873,0.0,0.0,0.0,0.0,0.0,91744043.34847197,0.0,0.0,148201916.17830086,0.0,141144682.07457227,0.0,12546193.962183699,0.0,0.0,12546193.962183699,489301564.52516425,0.0,0.0,0.0,0.0,0.0,238377685.28149027,0.0,0.0,539486340.3738991,0.0,250923879.24367398
108,113.1097,36.1542,0.0,0.0,31365.484905475838,0.0,0.0,0.0,0.0,0.0,0.0,0.0,0.0,0.0,0.0,0.0,0.0,0.0,784137.1226364943,0.0,0.0,0.0,0.0,0.0,0.0,0.0,0.0,784137.1226364943,0.0,784137.1226364943,0.0,0.0,0.0,0.0,3136548.4905461813,0.0,0.0,0.0,0.0,0.0,0.0,0.0,0.0,9409645.471638544,0.0,6273096.981092363,0.0,0.0,0.0,0.0,7057234.103728618,0.0,56457872.82982894,0.0,0.0,0.0,0.0,0.0,0.0,28228936.41491447,0.0,7057234.103728618,14114468.207457235,0.0,0.0,0.0,0.0,37638581.88655107,0.0,188192909.43275535,0.0,0.0,0.0,0.0,0.0,0.0,50184775.84873476,0.0,12546193.96218369,25092387.92436738,0.0,0.0
109,113.1466,36.1961,0.0,0.0,0.0,0.0,0.0,0.0,0.0,0.0,0.0,0.0,0.0,0.0,0.0,0.0,0.0,0.0,0.0,0.0,0.0,0.0,0.0,0.0,0.0,0.0,0.0,0.0,0.0,0.0,0.0,0.0,0.0,0.0,0.0,0.0,0.0,0.0,0.0,0.0,0.0,0.0,0.0,0.0,0.0,0.0,0.0,0.0,0.0,0.0,0.0,0.0,7057234.103728618,0.0,0.0,0.0,0.0,0.0,0.0,0.0,0.0,0.0,0.0,0.0,0.0,0.0,0.0,0.0,0.0,12546193.96218369,0.0,0.0,0.0,0.0,0.0,0.0,12546193.96218369,0.0,0.0,0.0,0.0,0.0
110,113.0886,36.2126,0.0,0.0,0.0,0.0,0.0,0.0,0.0,0.0,0.0,0.0,0.0,0.0,0.0,0.0,0.0,0.0,0.0,0.0,0.0,0.0,0.0,0.0,0.0,0.0,0.0,0.0,0.0,784137.1226364943,0.0,0.0,0.0,3136548.4905461813,0.0,0.0,0.0,0.0,0.0,0.0,0.0,0.0,0.0,0.0,0.0,9409645.471638544,0.0,0.0,0.0,14114468.207457235,0.0,0.0,0.0,0.0,7057234.103728618,0.0,0.0,0.0,0.0,14114468.207457235,0.0,0.0,35286170.51864309,0.0,0.0,0.0,25092387.92436738,0.0,0.0,12546193.96218369,0.0,25092387.92436738,0.0,0.0,0.0,0.0,37638581.88655107,0.0,12546193.96218369,100369551.69746952,0.0,0.0
111,113.0844444,36.1855,0.0,0.0,0.0,0.0,0.0,0.0,0.0,0.0,0.0,0.0,0.0,0.0,0.0,0.0,0.0,0.0,0.0,0.0,0.0,0.0,0.0,0.0,0.0,0.0,0.0,784137.1226364943,0.0,0.0,0.0,0.0,0.0,0.0,0.0,0.0,0.0,0.0,0.0,0.0,0.0,0.0,0.0,6273096.981092363,0.0,0.0,0.0,0.0,0.0,0.0,0.0,0.0,21171702.31118585,0.0,0.0,0.0,0.0,0.0,0.0,28228936.41491447,0.0,0.0,7057234.103728618,0.0,0.0,0.0,12546193.96218369,0.0,0.0,37638581.88655107,0.0,0.0,0.0,0.0,0.0,0.0,62730969.81091845,0.0,0.0,25092387.92436738,0.0,0.0
112,113.5753,37.8564,0.0,0.0,0.0,0.0,0.0,0.0,0.0,0.0,0.0,31365.484905393507,0.0,0.0,0.0,0.0,0.0,0.0,0.0,0.0,0.0,0.0,0.0,0.0,0.0,0.0,0.0,2352411.3679088727,0.0,0.0,0.0,0.0,0.0,0.0,0.0,0.0,0.0,0.0,0.0,0.0,0.0,0.0,0.0,37638581.88655193,0.0,0.0,0.0,0.0,0.0,0.0,0.0,0.0,0.0,0.0,0.0,0.0,0.0,0.0,0.0,141144682.07456785,0.0,0.0,0.0,0.0,0.0,0.0,0.0,0.0,0.0,12546193.962184206,12546193.962184206,0.0,0.0,0.0,0.0,0.0,276016267.16805255,0.0,0.0,0.0,0.0,0.0
113,113.4922,37.8792,0.0,0.0,0.0,0.0,0.0,0.0,0.0,0.0,0.0,0.0,0.0,0.0,0.0,0.0,0.0,0.0,0.0,0.0,0.0,0.0,0.0,0.0,0.0,0.0,0.0,0.0,0.0,0.0,0.0,0.0,0.0,0.0,0.0,0.0,0.0,0.0,0.0,0.0,0.0,0.0,0.0,0.0,0.0,0.0,0.0,0.0,0.0,0.0,0.0,0.0,0.0,0.0,0.0,0.0,0.0,0.0,0.0,0.0,0.0,0.0,0.0,0.0,0.0,0.0,0.0,0.0,0.0,0.0,0.0,0.0,0.0,0.0,0.0,0.0,12546193.962184718,0.0,0.0,0.0,0.0,0.0
114,113.5922,37.8561,0.0,0.0,0.0,0.0,0.0,0.0,0.0,0.0,0.0,0.0,0.0,0.0,0.0,0.0,0.0,0.0,0.0,0.0,0.0,0.0,0.0,0.0,0.0,0.0,0.0,1568274.245272582,0.0,0.0,0.0,0.0,0.0,0.0,0.0,0.0,0.0,0.0,0.0,0.0,0.0,0.0,0.0,25092387.924367957,0.0,0.0,0.0,0.0,0.0,0.0,0.0,0.0,0.0,0.0,0.0,0.0,0.0,0.0,0.0,112915745.65965429,0.0,0.0,0.0,0.0,0.0,0.0,0.0,0.0,0.0,0.0,12546193.962184206,0.0,0.0,0.0,0.0,0.0,250923879.2436841,0.0,0.0,0.0,0.0,0.0
115,113.6292,37.8531,0.0,0.0,0.0,0.0,0.0,0.0,0.0,0.0,0.0,0.0,0.0,0.0,0.0,0.0,0.0,0.0,0.0,0.0,0.0,0.0,0.0,0.0,0.0,0.0,0.0,0.0,0.0,0.0,0.0,0.0,0.0,0.0,0.0,0.0,0.0,0.0,0.0,0.0,0.0,0.0,0.0,0.0,0.0,0.0,0.0,0.0,0.0,0.0,0.0,0.0,0.0,0.0,7057234.103728445,0.0,0.0,0.0,0.0,7057234.103728445,0.0,0.0,0.0,0.0,0.0,0.0,0.0,0.0,0.0,0.0,0.0,25092387.924368445,0.0,0.0,0.0,0.0,25092387.924368445,0.0,0.0,0.0,0.0,0.0
116,113.5689,37.8694,0.0,0.0,0.0,0.0,0.0,0.0,0.0,0.0,0.0,0.0,0.0,0.0,0.0,0.0,0.0,0.0,0.0,0.0,0.0,0.0,0.0,0.0,0.0,0.0,0.0,784137.122636291,0.0,0.0,0.0,0.0,0.0,0.0,0.0,0.0,0.0,0.0,0.0,0.0,0.0,0.0,0.0,18819290.943275966,0.0,0.0,0.0,0.0,0.0,0.0,0.0,0.0,0.0,0.0,0.0,0.0,0.0,0.0,0.0,77629575.14100958,0.0,0.0,0.0,0.0,0.0,0.0,0.0,0.0,0.0,12546193.962184718,0.0,0.0,0.0,0.0,0.0,0.0,238377685.28150964,0.0,0.0,0.0,0.0,0.0
117,113.5158,37.85,0.0,0.0,0.0,31365.484905393507,0.0,0.0,0.0,0.0,0.0,0.0,0.0,0.0,0.0,0.0,0.0,0.0,0.0,0.0,784137.122636291,0.0,0.0,0.0,0.0,0.0,0.0,0.0,0.0,0.0,0.0,0.0,0.0,0.0,0.0,0.0,3136548.490546068,0.0,0.0,0.0,0.0,0.0,0.0,0.0,0.0,0.0,0.0,0.0,0.0,0.0,0.0,0.0,7057234.103728393,0.0,0.0,0.0,0.0,0.0,0.0,0.0,0.0,0.0,0.0,0.0,0.0,0.0,0.0,0.0,0.0,12546193.962184222,0.0,0.0,0.0,0.0,0.0,0.0,0.0,0.0,0.0,0.0,0.0,0.0
118,114.483,36.061,0.0,0.0,0.0,0.0,0.0,0.0,0.0,0.0,0.0,0.0,0.0,0.0,0.0,0.0,0.0,0.0,0.0,0.0,0.0,0.0,0.0,0.0,0.0,0.0,0.0,0.0,0.0,0.0,0.0,0.0,0.0,0.0,0.0,0.0,0.0,0.0,0.0,0.0,0.0,0.0,0.0,0.0,0.0,0.0,0.0,0.0,0.0,0.0,0.0,0.0,0.0,0.0,0.0,0.0,0.0,0.0,0.0,0.0,0.0,0.0,0.0,0.0,0.0,0.0,0.0,0.0,0.0,0.0,0.0,0.0,0.0,0.0,0.0,0.0,0.0,0.0,0.0,0.0,0.0,0.0
119,114.32,36.086,0.0,0.0,0.0,0.0,0.0,0.0,0.0,0.0,0.0,0.0,0.0,31365.484905475838,0.0,0.0,0.0,784137.1226364943,0.0,0.0,0.0,0.0,784137.1226364943,0.0,0.0,0.0,0.0,0.0,0.0,7841371.226364943,0.0,0.0,0.0,9409645.471638544,0.0,0.0,0.0,0.0,6273096.981092363,0.0,0.0,0.0,0.0,0.0,0.0,81550260.75420071,0.0,0.0,0.0,28228936.41491447,0.0,0.0,0.0,0.0,14114468.207457235,0.0,0.0,0.0,0.0,7057234.103728618,0.0,0.0,218774257.21558714,0.0,0.0,0.0,75277163.77310213,0.0,0.0,0.0,0.0,25092387.92436738,0.0,0.0,0.0,0.0,25092387.92436738,0.0,0.0,526940146.411715,0.0,0.0
120,114.358,36.087,0.0,0.0,0.0,0.0,31365.48490547529,0.0,0.0,0.0,0.0,0.0,0.0,0.0,0.0,0.0,0.0,784137.1226364934,0.0,0.0,0.0,3136548.4905459736,0.0,0.0,0.0,0.0,0.0,0.0,0.0,784137.1226364934,0.0,0.0,0.0,6273096.981092346,0.0,0.0,0.0,15682742.452730864,0.0,0.0,0.0,0.0,0.0,0.0,0.0,28228936.414915558,0.0,0.0,0.0,35286170.518643074,0.0,0.0,0.0,42343404.62237169,0.0,0.0,0.0,0.0,0.0,7057234.103728615,0.0,0.0,176430852.59321538,0.0,0.0,0.0,188192909.43275544,0.0,0.0,0.0,138008133.58402064,0.0,0.0,0.0,0.0,0.0,37638581.88655108,0.0,0.0,652402086.0335522,0.0,0.0
121,114.286,36.11,0.0,0.0,0.0,0.0,0.0,0.0,0.0,0.0,0.0,0.0,0.0,0.0,0.0,0.0,0.0,0.0,0.0,0.0,0.0,0.0,0.0,0.0,0.0,0.0,0.0,784137.1226364943,0.0,784137.1226364943,0.0,0.0,0.0,0.0,0.0,0.0,0.0,0.0,3136548.4905461813,0.0,0.0,0.0,0.0,3136548.4905461813,0.0,9409645.471638544,0.0,0.0,0.0,7057234.103728618,0.0,0.0,0.0,0.0,21171702.31118585,0.0,0.0,0.0,0.0,7057234.103728618,0.0,0.0,105858511.55592926,0.0,0.0,0.0,12546193.96218369,0.0,0.0,0.0,12546193.96218369,37638581.88655107,0.0,0.0,0.0,0.0,37638581.88655107,0.0,0.0,238377685.28149012,0.0,0.0
122,114.3406,34.8022,0.0,0.0,0.0,0.0,31365.484905475838,0.0,0.0,0.0,0.0,0.0,0.0,62730.969810951676,0.0,0.0,0.0,0.0,0.0,0.0,0.0,1568274.2452729887,0.0,0.0,0.0,0.0,0.0,1568274.2452729887,0.0,3920685.6131824716,0.0,0.0,0.0,15682742.452730907,0.0,0.0,0.0,6273096.981092363,0.0,0.0,0.0,0.0,0.0,18819290.943277087,0.0,69004066.79201598,3136548.4905461813,0.0,0.0,98801277.45220065,0.0,0.0,0.0,49400638.726100326,0.0,0.0,0.0,0.0,0.0,77629575.1410148,0.0,0.0,352861705.1864309,14114468.207457235,0.0,0.0,213285297.35712272,0.0,0.0,12546193.96218369,100369551.69746952,0.0,0.0,0.0,0.0,0.0,175646715.47057167,0.0,0.0,1668643796.9704306,62730969.81091845,0.0
123,114.3389,34.7781,0.0,0.0,0.0,0.0,0.0,0.0,0.0,0.0,0.0,0.0,0.0,125461.93962190335,0.0,0.0,0.0,4704822.735818966,0.0,0.0,0.0,784137.1226364943,0.0,0.0,0.0,0.0,0.0,0.0,0.0,14114468.207456898,784137.1226364943,0.0,0.0,43911678.86764654,0.0,0.0,0.0,3136548.4905461813,3136548.4905461813,0.0,3136548.4905461813,0.0,0.0,12546193.962184725,0.0,128598488.11239344,3136548.4905461813,0.0,0.0,148201916.17830098,0.0,0.0,7057234.103728618,7057234.103728618,28228936.41491447,0.0,7057234.103728618,0.0,0.0,42343404.6223717,0.0,0.0,585750430.6094753,21171702.31118585,0.0,0.0,476755370.56298023,0.0,0.0,12546193.96218369,62730969.81091845,75277163.77310213,0.0,25092387.92436738,0.0,0.0,100369551.69746952,0.0,12546193.96218369,1731374766.7813492,75277163.77310213,0.0
124,114.3733,34.7975,0.0,31365.484905475838,0.0,0.0,0.0,0.0,0.0,0.0,0.0,0.0,0.0,62730.969810951676,0.0,0.0,0.0,7057234.103728449,0.0,0.0,0.0,3136548.4905459774,784137.1226364943,0.0,0.0,0.0,0.0,0.0,0.0,12546193.96218391,784137.1226364943,0.0,0.0,84686809.2447469,0.0,0.0,0.0,15682742.452730907,3136548.4905461813,0.0,0.0,0.0,0.0,6273096.981092363,0.0,159963973.01785526,3136548.4905461813,0.0,0.0,232888725.42304438,7057234.103728618,0.0,0.0,49400638.726100326,21171702.31118585,0.0,0.0,0.0,0.0,21171702.31118585,0.0,0.0,635151069.3355756,7057234.103728618,0.0,0.0,489301564.5251639,37638581.88655107,0.0,0.0,100369551.69746952,62730969.81091845,0.0,0.0,0.0,0.0,75277163.77310213,0.0,0.0,1580820439.2351449,12546193.96218369,0.0
125,114.2886,34.7967,0.0,0.0,0.0,0.0,0.0,0.0,0.0,0.0,0.0,0.0,0.0,31365.484905475838,0.0,0.0,0.0,784137.1226364943,0.0,0.0,0.0,2352411.367909483,0.0,0.0,0.0,0.0,0.0,0.0,0.0,8625508.349001437,0.0,0.0,0.0,81550260.75420071,0.0,0.0,0.0,56457872.829831265,0.0,0.0,0.0,0.0,0.0,15682742.452730907,0.0,94096454.71638544,0.0,0.0,0.0,409319578.0162598,0.0,0.0,0.0,317575534.6677878,49400638.726100326,0.0,0.0,0.0,0.0,63515106.933557555,0.0,0.0,381090641.60134536,7057234.103728618,0.0,0.0,953510741.1259605,0.0,0.0,0.0,664948279.9957355,138008133.58402058,0.0,0.0,0.0,0.0,138008133.58402058,0.0,0.0,1166796038.4830832,12546193.96218369,0.0
126,113.261,35.235,0.0,0.0,0.0,0.0,0.0,0.0,0.0,0.0,0.0,0.0,0.0,0.0,0.0,0.0,0.0,0.0,0.0,0.0,0.0,0.0,784137.1226364943,0.0,0.0,0.0,0.0,0.0,0.0,0.0,0.0,0.0,0.0,0.0,0.0,0.0,0.0,0.0,3136548.4905461813,0.0,0.0,0.0,0.0,0.0,0.0,0.0,0.0,0.0,0.0,0.0,0.0,0.0,0.0,0.0,7057234.103728618,0.0,0.0,0.0,0.0,0.0,0.0,0.0,0.0,0.0,0.0,0.0,0.0,0.0,0.0,0.0,0.0,12546193.96218369,0.0,0.0,0.0,0.0,0.0,0.0,0.0,0.0,0.0,0.0
127,113.227,35.213,0.0,0.0,0.0,0.0,0.0,0.0,0.0,0.0,0.0,0.0,0.0,0.0,0.0,0.0,0.0,0.0,0.0,0.0,0.0,0.0,0.0,0.0,0.0,0.0,0.0,0.0,0.0,0.0,0.0,0.0,0.0,0.0,0.0,0.0,0.0,0.0,0.0,0.0,0.0,0.0,0.0,6273096.981092363,0.0,0.0,0.0,0.0,0.0,0.0,0.0,0.0,0.0,0.0,7057234.103728618,0.0,0.0,0.0,0.0,14114468.207457235,0.0,0.0,0.0,0.0,0.0,0.0,0.0,0.0,0.0,0.0,12546193.96218369,25092387.92436738,0.0,0.0,0.0,0.0,37638581.88655107,0.0,0.0,0.0,0.0,0.0
128,113.2464,35.1764,0.0,0.0,0.0,0.0,0.0,0.0,0.0,0.0,0.0,0.0,0.0,0.0,0.0,0.0,0.0,0.0,0.0,0.0,0.0,0.0,0.0,0.0,0.0,0.0,0.0,784137.1226364943,0.0,0.0,0.0,0.0,0.0,0.0,0.0,0.0,0.0,0.0,0.0,0.0,0.0,0.0,0.0,3136548.4905461813,0.0,0.0,0.0,0.0,0.0,0.0,0.0,0.0,0.0,0.0,0.0,0.0,0.0,0.0,0.0,7057234.103728618,0.0,0.0,0.0,0.0,0.0,0.0,0.0,0.0,0.0,0.0,0.0,37638581.88655107,0.0,0.0,0.0,0.0,12546193.96218369,0.0,0.0,0.0,0.0,0.0
129,113.1992,35.259,0.0,0.0,0.0,0.0,0.0,0.0,0.0,0.0,0.0,0.0,0.0,0.0,0.0,0.0,0.0,0.0,0.0,0.0,0.0,0.0,0.0,0.0,0.0,0.0,0.0,0.0,0.0,0.0,0.0,0.0,0.0,0.0,0.0,0.0,0.0,0.0,0.0,0.0,0.0,0.0,0.0,0.0,0.0,0.0,0.0,0.0,0.0,0.0,0.0,0.0,0.0,0.0,0.0,0.0,0.0,0.0,0.0,0.0,0.0,0.0,0.0,0.0,0.0,0.0,0.0,0.0,0.0,0.0,0.0,0.0,0.0,0.0,0.0,0.0,0.0,0.0,0.0,0.0,0.0,0.0
130,112.85,35.5051,0.0,0.0,0.0,0.0,0.0,0.0,0.0,0.0,0.0,0.0,0.0,0.0,0.0,0.0,0.0,0.0,0.0,0.0,0.0,0.0,0.0,0.0,0.0,0.0,0.0,784137.1226364987,0.0,0.0,0.0,0.0,0.0,0.0,0.0,0.0,0.0,0.0,0.0,0.0,0.0,0.0,0.0,9409645.471638538,0.0,0.0,0.0,0.0,0.0,0.0,0.0,0.0,0.0,0.0,0.0,0.0,0.0,0.0,0.0,42343404.622371726,0.0,0.0,0.0,0.0,0.0,0.0,0.0,0.0,0.0,0.0,0.0,0.0,0.0,0.0,0.0,0.0,150554327.54620433,0.0,0.0,12546193.962183693,0.0,0.0
131,112.835,35.4934,0.0,0.0,0.0,0.0,0.0,0.0,0.0,0.0,0.0,0.0,0.0,0.0,0.0,0.0,0.0,0.0,0.0,0.0,0.0,0.0,0.0,0.0,0.0,0.0,0.0,3920685.6131824935,0.0,0.0,0.0,0.0,0.0,0.0,0.0,0.0,0.0,0.0,0.0,0.0,0.0,0.0,0.0,25092387.924369436,0.0,3136548.4905461795,0.0,0.0,0.0,0.0,0.0,0.0,0.0,0.0,0.0,0.0,0.0,0.0,0.0,77629575.14101483,0.0,0.0,7057234.103728621,0.0,0.0,0.0,0.0,0.0,0.0,0.0,0.0,0.0,0.0,0.0,0.0,0.0,200739103.3949391,0.0,0.0,25092387.924367387,0.0,0.0
132,112.8664,35.4894,0.0,0.0,0.0,0.0,0.0,0.0,0.0,0.0,0.0,0.0,0.0,0.0,0.0,0.0,0.0,0.0,0.0,0.0,0.0,0.0,0.0,0.0,0.0,0.0,0.0,784137.1226364987,0.0,0.0,0.0,0.0,0.0,0.0,0.0,0.0,0.0,0.0,3136548.4905461795,0.0,0.0,0.0,0.0,12546193.962184718,0.0,0.0,0.0,0.0,0.0,0.0,0.0,0.0,0.0,0.0,7057234.103728621,0.0,0.0,0.0,0.0,77629575.14101483,0.0,0.0,7057234.103728621,0.0,0.0,0.0,0.0,0.0,0.0,0.0,0.0,12546193.962183693,0.0,0.0,0.0,0.0,225831491.3193065,0.0,0.0,25092387.924367387,0.0,0.0
133,112.8252,35.4813,0.0,0.0,0.0,0.0,0.0,0.0,0.0,0.0,0.0,0.0,0.0,0.0,0.0,0.0,0.0,0.0,0.0,0.0,0.0,0.0,0.0,0.0,0.0,0.0,0.0,784137.1226364987,0.0,0.0,0.0,0.0,0.0,0.0,0.0,0.0,0.0,0.0,0.0,0.0,0.0,0.0,0.0,9409645.471638538,0.0,0.0,0.0,0.0,0.0,0.0,0.0,0.0,0.0,0.0,0.0,0.0,0.0,0.0,0.0,63515106.93355759,0.0,0.0,0.0,0.0,0.0,0.0,0.0,0.0,0.0,0.0,0.0,0.0,0.0,0.0,0.0,0.0,175646715.4705717,0.0,0.0,25092387.924367387,0.0,0.0
134,112.8453,35.546,0.0,0.0,0.0,0.0,0.0,0.0,0.0,0.0,0.0,31365.484905476293,0.0,0.0,0.0,0.0,0.0,0.0,0.0,0.0,0.0,0.0,0.0,0.0,0.0,0.0,0.0,784137.1226364987,0.0,0.0,0.0,0.0,0.0,0.0,0.0,0.0,0.0,0.0,0.0,0.0,0.0,0.0,0.0,9409645.471638538,0.0,0.0,0.0,0.0,0.0,0.0,0.0,0.0,0.0,0.0,0.0,0.0,0.0,0.0,0.0,21171702.311185863,0.0,0.0,0.0,0.0,0.0,0.0,0.0,0.0,0.0,0.0,0.0,0.0,0.0,0.0,0.0,0.0,37638581.88655108,0.0,0.0,0.0,0.0,0.0
135,114.2956,35.7511,0.0,31365.484905475838,0.0,0.0,0.0,0.0,0.0,0.0,0.0,0.0,0.0,31365.484905475838,0.0,0.0,0.0,9409645.471637933,0.0,0.0,0.0,3136548.4905459774,0.0,0.0,0.0,0.0,0.0,784137.1226364943,0.0,10977919.716910921,0.0,0.0,0.0,100369551.6974778,0.0,0.0,0.0,56457872.829831265,6273096.981092363,0.0,0.0,0.0,0.0,15682742.452730907,0.0,112915745.65966253,9409645.471638544,0.0,0.0,381090641.60134536,0.0,0.0,0.0,204659789.0081299,77629575.1410148,0.0,0.0,0.0,0.0,49400638.726100326,0.0,0.0,536349791.8833749,49400638.726100326,0.0,0.0,865687383.3906746,0.0,0.0,0.0,451662982.6386128,338747236.9789596,0.0,0.0,0.0,0.0,100369551.69746952,0.0,12546193.96218369,1304804172.0671036,175646715.47057167,0.0
136,114.2878,35.7306,0.0,0.0,0.0,0.0,0.0,0.0,0.0,0.0,0.0,31365.484905475838,0.0,0.0,0.0,0.0,0.0,3136548.4905459774,0.0,0.0,0.0,3920685.6131824716,0.0,0.0,0.0,0.0,0.0,784137.1226364943,0.0,6273096.981091955,3136548.4905459774,0.0,0.0,50184775.8487389,0.0,0.0,0.0,34502033.39600799,0.0,0.0,0.0,0.0,0.0,6273096.981092363,3136548.4905461813,100369551.6974778,15682742.452730907,0.0,0.0,239945959.526773,0.0,0.0,0.0,119972979.7633865,7057234.103728618,0.0,0.0,0.0,0.0,28228936.41491447,0.0,14114468.207457235,430491280.3274457,56457872.82982894,0.0,0.0,639855892.0713682,0.0,0.0,0.0,351293430.94114333,12546193.96218369,0.0,0.0,0.0,0.0,75277163.77310213,0.0,25092387.92436738,1141703650.5587158,138008133.58402058,0.0
137,113.926,35.279,0.0,0.0,0.0,0.0,0.0,0.0,0.0,0.0,0.0,0.0,0.0,0.0,0.0,0.0,0.0,0.0,0.0,0.0,0.0,0.0,0.0,0.0,0.0,0.0,0.0,0.0,0.0,0.0,0.0,0.0,0.0,0.0,0.0,0.0,0.0,0.0,6273096.981092363,0.0,0.0,0.0,0.0,3136548.4905461813,0.0,0.0,0.0,0.0,0.0,0.0,0.0,0.0,0.0,7057234.103728618,91744043.34847203,0.0,0.0,0.0,0.0,21171702.31118585,0.0,0.0,21171702.31118585,0.0,0.0,0.0,12546193.96218369,0.0,0.0,0.0,37638581.88655107,213285297.35712272,0.0,0.0,0.0,0.0,37638581.88655107,0.0,0.0,75277163.77310213,0.0,0.0
138,113.836,35.31,0.0,0.0,0.0,0.0,0.0,0.0,0.0,0.0,0.0,0.0,0.0,0.0,0.0,0.0,0.0,0.0,0.0,0.0,0.0,0.0,0.0,0.0,0.0,0.0,0.0,0.0,0.0,0.0,0.0,0.0,0.0,0.0,0.0,0.0,0.0,0.0,0.0,0.0,3136548.4905461813,0.0,0.0,0.0,0.0,0.0,0.0,0.0,0.0,0.0,0.0,0.0,0.0,0.0,0.0,0.0,7057234.103728618,0.0,0.0,0.0,0.0,0.0,0.0,0.0,0.0,0.0,37638581.88655107,0.0,0.0,0.0,0.0,0.0,0.0,12546193.96218369,0.0,0.0,12546193.96218369,0.0,0.0,12546193.96218369,0.0,0.0
139,113.883,35.303,0.0,0.0,0.0,0.0,0.0,0.0,0.0,0.0,0.0,31365.484905475838,0.0,0.0,0.0,0.0,0.0,0.0,0.0,0.0,0.0,1568274.2452729887,0.0,0.0,0.0,0.0,0.0,784137.1226364943,0.0,0.0,0.0,0.0,0.0,28228936.414915632,0.0,0.0,0.0,6273096.981092363,0.0,0.0,0.0,0.0,0.0,3136548.4905461813,0.0,56457872.829831265,0.0,0.0,0.0,112915745.65965788,0.0,0.0,0.0,28228936.41491447,0.0,0.0,0.0,0.0,0.0,28228936.41491447,0.0,0.0,218774257.21558714,0.0,0.0,0.0,313654849.05459225,0.0,0.0,0.0,50184775.84873476,0.0,0.0,0.0,0.0,0.0,62730969.81091845,0.0,0.0,552032534.3360823,100369551.69746952,0.0
140,114.9906,35.767,0.0,0.0,0.0,0.0,0.0,94096.45471642425,0.0,0.0,0.0,0.0,0.0,0.0,0.0,0.0,0.0,0.0,0.0,0.0,0.0,0.0,7057234.103728431,0.0,0.0,0.0,0.0,1568274.2452729847,0.0,0.0,0.0,0.0,0.0,6273096.981092328,0.0,0.0,0.0,0.0,40775130.37710013,0.0,0.0,0.0,0.0,6273096.981092328,0.0,3136548.490546164,0.0,0.0,0.0,42343404.62237167,0.0,0.0,0.0,0.0,176430852.59321532,14114468.207457226,0.0,0.0,0.0,14114468.207457226,0.0,0.0,49400638.72610029,0.0,0.0,0.0,250923879.24367398,0.0,0.0,0.0,0.0,439116788.67642945,25092387.924367398,0.0,0.0,0.0,37638581.8865511,0.0,0.0,250923879.24367398,0.0,0.0
141,115.0628,35.7672,0.0,31365.48490547475,0.0,0.0,0.0,0.0,0.0,0.0,0.0,0.0,0.0,156827.42452737375,0.0,0.0,0.0,5488959.858455447,0.0,0.0,0.0,784137.1226364924,0.0,0.0,0.0,0.0,0.0,0.0,0.0,11762056.839547385,0.0,0.0,0.0,62730969.81092328,0.0,0.0,0.0,43911678.8676463,0.0,0.0,0.0,0.0,0.0,6273096.981092328,18819290.943276986,119188842.64075424,12546193.962184656,0.0,0.0,275232130.0454159,0.0,0.0,0.0,190545320.80067256,0.0,7057234.103728613,0.0,0.0,0.0,28228936.41491445,0.0,49400638.72610029,557521494.1945604,35286170.51864307,14114468.207457226,0.0,652402086.0335524,25092387.924367398,0.0,25092387.924367398,426570594.7142458,12546193.962183699,12546193.962183699,0.0,0.0,0.0,87823357.7352859,0.0,125461939.62183699,1442812305.6511254,87823357.7352859,25092387.924367398
142,115.0772,35.767,0.0,0.0,0.0,0.0,0.0,0.0,0.0,0.0,0.0,0.0,0.0,62730.9698109495,0.0,0.0,0.0,4704822.735818954,0.0,0.0,0.0,784137.1226364924,0.0,0.0,0.0,0.0,0.0,784137.1226364924,1568274.2452729847,7057234.103728431,784137.1226364924,0.0,0.0,62730969.81092328,0.0,0.0,0.0,15682742.45273082,0.0,3136548.490546164,0.0,0.0,0.0,9409645.471638493,18819290.943276986,84686809.24474643,9409645.471638493,0.0,0.0,359918939.2901593,0.0,0.0,0.0,169373618.4894867,0.0,7057234.103728613,0.0,0.0,0.0,28228936.41491445,0.0,56457872.8298289,416376812.11998814,28228936.41491445,14114468.207457226,0.0,878233577.3528589,25092387.924367398,0.0,12546193.962183699,514393952.4495317,25092387.924367398,12546193.962183699,0.0,0.0,0.0,50184775.848734796,0.0,125461939.62183699,1304804172.0671048,62730969.810918495,25092387.924367398
143,113.1569,36.1912,0.0,0.0,0.0,31365.484905475838,0.0,0.0,0.0,0.0,0.0,0.0,0.0,0.0,0.0,0.0,0.0,0.0,0.0,0.0,784137.1226364943,0.0,0.0,0.0,0.0,0.0,0.0,0.0,0.0,0.0,0.0,0.0,0.0,0.0,0.0,0.0,3136548.4905461813,0.0,0.0,0.0,0.0,0.0,0.0,0.0,0.0,0.0,0.0,0.0,0.0,0.0,0.0,0.0,7057234.103728618,0.0,0.0,0.0,0.0,0.0,0.0,0.0,0.0,0.0,0.0,0.0,0.0,0.0,0.0,0.0,0.0,12546193.96218369,0.0,0.0,0.0,0.0,0.0,0.0,0.0,0.0,0.0,0.0,0.0,0.0
144,117.7918,39.2474,0.0,0.0,0.0,0.0,0.0,0.0,0.0,0.0,0.0,31365.484905395606,0.0,62730.96981079121,0.0,0.0,0.0,0.0,0.0,0.0,0.0,0.0,0.0,0.0,0.0,0.0,0.0,784137.1226362913,0.0,4704822.735817748,0.0,0.0,0.0,72140615.2825573,0.0,0.0,0.0,0.0,0.0,0.0,0.0,0.0,0.0,9409645.471637908,0.0,90959906.22583312,15682742.452729847,0.0,0.0,254060427.73420912,0.0,0.0,0.0,0.0,7057234.103728031,0.0,0.0,0.0,0.0,28228936.414912123,0.0,0.0,416376812.1199538,91744043.3484644,0.0,0.0,526940146.41175556,0.0,0.0,0.0,0.0,37638581.88655397,0.0,0.0,0.0,0.0,62730969.81092328,0.0,0.0,1003695516.9747725,238377685.28150848,0.0
145,117.3747,38.9846,0.0,0.0,0.0,0.0,0.0,0.0,0.0,0.0,0.0,0.0,0.0,0.0,0.0,0.0,0.0,0.0,0.0,0.0,0.0,0.0,0.0,0.0,0.0,0.0,0.0,0.0,0.0,0.0,0.0,0.0,0.0,0.0,0.0,0.0,0.0,0.0,0.0,0.0,0.0,0.0,0.0,18819290.943275817,0.0,18819290.943275817,6273096.981091939,0.0,0.0,0.0,0.0,0.0,0.0,0.0,0.0,0.0,0.0,0.0,0.0,70572341.0372803,0.0,0.0,77629575.14100833,21171702.311184093,0.0,0.0,0.0,0.0,0.0,0.0,0.0,0.0,0.0,0.0,0.0,0.0,125461939.62184656,0.0,0.0,188192909.43276983,37638581.88655397,0.0
146,117.1589,39.0845,0.0,0.0,0.0,0.0,0.0,0.0,0.0,0.0,0.0,31365.484905392426,0.0,0.0,0.0,0.0,0.0,0.0,0.0,0.0,1568274.2452725784,0.0,0.0,0.0,0.0,0.0,0.0,784137.1226362892,0.0,0.0,0.0,0.0,0.0,0.0,0.0,0.0,6273096.981091955,0.0,0.0,0.0,0.0,0.0,0.0,9409645.471637933,0.0,3136548.4905459774,0.0,0.0,0.0,0.0,0.0,0.0,14114468.20745628,0.0,0.0,0.0,0.0,0.0,0.0,21171702.31118442,0.0,0.0,35286170.5186407,7057234.10372814,0.0,0.0,37638581.886554174,0.0,0.0,25092387.92436945,0.0,0.0,12546193.962184725,0.0,0.0,0.0,112915745.65966253,0.0,37638581.886554174,225831491.31932506,12546193.962184725,0.0
147,116.0072,36.4343,0.0,0.0,0.0,0.0,0.0,0.0,0.0,0.0,0.0,0.0,0.0,0.0,0.0,0.0,0.0,784137.1226364924,0.0,0.0,6273096.981091939,1568274.2452729847,1568274.2452729847,1568274.2452729847,0.0,0.0,0.0,784137.1226364924,0.0,0.0,0.0,0.0,0.0,3136548.490546164,0.0,0.0,25092387.924369313,6273096.981092328,6273096.981092328,6273096.981092328,0.0,0.0,0.0,3136548.490546164,0.0,3136548.490546164,0.0,0.0,0.0,7057234.103728613,0.0,0.0,56457872.8298289,21171702.311185837,14114468.207457226,14114468.207457226,0.0,0.0,0.0,7057234.103728613,0.0,0.0,21171702.311185837,0.0,0.0,0.0,12546193.962183699,0.0,0.0,100369551.69746959,213285297.3571229,25092387.924367398,25092387.924367398,0.0,0.0,0.0,37638581.8865511,0.0,0.0,62730969.810918495,0.0,12546193.962183699
148,116.7022,39.5453,0.0,0.0,0.0,0.0,0.0,0.0,0.0,0.0,0.0,0.0,0.0,0.0,0.0,0.0,0.0,784137.1226362892,0.0,0.0,0.0,0.0,0.0,0.0,0.0,0.0,0.0,784137.1226362892,0.0,1568274.2452725784,0.0,0.0,0.0,9409645.471637933,0.0,0.0,0.0,0.0,0.0,0.0,0.0,0.0,0.0,9409645.471637933,0.0,31365484.905459773,0.0,0.0,0.0,35286170.5186407,0.0,0.0,7057234.10372814,0.0,0.0,0.0,0.0,0.0,0.0,77629575.14100954,0.0,0.0,141144682.0745628,7057234.10372814,0.0,0.0,100369551.6974778,0.0,0.0,12546193.962184725,0.0,0.0,0.0,0.0,0.0,0.0,175646715.47058615,0.0,0.0,577124922.2604973,12546193.962184725,0.0
149,117.1941,39.1067,0.0,0.0,0.0,0.0,0.0,0.0,0.0,0.0,0.0,31365.484905392426,0.0,0.0,0.0,0.0,0.0,0.0,0.0,0.0,0.0,0.0,0.0,0.0,0.0,0.0,0.0,784137.1226362892,0.0,0.0,0.0,0.0,0.0,0.0,0.0,0.0,0.0,0.0,0.0,0.0,0.0,0.0,0.0,9409645.471637933,0.0,0.0,3136548.4905459774,0.0,0.0,0.0,0.0,0.0,0.0,0.0,0.0,0.0,0.0,0.0,0.0,35286170.5186407,0.0,0.0,0.0,7057234.10372814,0.0,0.0,37638581.886554174,0.0,0.0,0.0,50184775.8487389,0.0,0.0,0.0,0.0,0.0,150554327.5462167,0.0,0.0,37638581.886554174,12546193.962184725,0.0
150,117.2099,39.16969,0.0,0.0,0.0,0.0,0.0,0.0,0.0,0.0,0.0,31365.484905392426,0.0,0.0,0.0,0.0,0.0,0.0,0.0,0.0,0.0,0.0,0.0,0.0,0.0,0.0,0.0,784137.1226362892,0.0,0.0,0.0,0.0,0.0,0.0,0.0,0.0,3136548.4905459774,0.0,0.0,0.0,0.0,0.0,0.0,3136548.4905459774,0.0,0.0,0.0,0.0,0.0,14114468.20745628,0.0,0.0,14114468.20745628,7057234.10372814,7057234.10372814,0.0,0.0,0.0,0.0,14114468.20745628,0.0,0.0,63515106.933553256,0.0,0.0,0.0,25092387.92436945,0.0,0.0,75277163.77310835,37638581.886554174,12546193.962184725,0.0,0.0,0.0,0.0,62730969.81092363,0.0,0.0,213285297.35714033,0.0,0.0
151,115.0061,35.76806,0.0,0.0,0.0,0.0,0.0,0.0,0.0,0.0,0.0,0.0,0.0,31365.48490547475,0.0,0.0,0.0,5488959.858455447,0.0,0.0,0.0,0.0,0.0,784137.1226364924,0.0,0.0,0.0,784137.1226364924,0.0,9409645.471637908,0.0,0.0,0.0,50184775.848738626,0.0,0.0,0.0,0.0,0.0,6273096.981092328,0.0,0.0,0.0,6273096.981092328,0.0,69004066.79201561,0.0,0.0,0.0,183488086.69694394,0.0,0.0,0.0,14114468.207457226,42343404.62237167,14114468.207457226,0.0,0.0,0.0,35286170.51864307,0.0,0.0,352861705.18643063,0.0,0.0,0.0,602217310.1848176,0.0,0.0,0.0,188192909.43275547,238377685.28149027,25092387.924367398,0.0,0.0,0.0,75277163.7731022,0.0,0.0,1066426486.7856144,0.0,12546193.962183699
152,117.3916,39.1495,0.0,0.0,0.0,0.0,94096.45471618682,0.0,0.0,0.0,0.0,62730.96981079121,0.0,0.0,0.0,0.0,0.0,784137.1226362913,0.0,0.0,0.0,7841371.226362913,0.0,1568274.2452725826,0.0,0.0,0.0,2352411.367908874,0.0,784137.1226362913,0.0,0.0,0.0,9409645.471637908,0.0,0.0,0.0,34502033.39600566,0.0,12546193.962183878,0.0,0.0,0.0,9409645.471637908,3136548.4905459695,15682742.452729847,0.0,0.0,0.0,28228936.414912123,0.0,0.0,0.0,98801277.45219243,0.0,28228936.414912123,0.0,0.0,0.0,70572341.0372803,0.0,7057234.103728031,56457872.82982425,0.0,0.0,0.0,100369551.69747725,0.0,0.0,0.0,213285297.35713917,50184775.848738626,50184775.848738626,0.0,0.0,0.0,188192909.43276983,0.0,12546193.962184656,138008133.58403122,0.0,0.0
153,113.5922,35.28385,0.0,0.0,0.0,0.0,0.0,0.0,0.0,0.0,0.0,0.0,0.0,0.0,0.0,0.0,0.0,0.0,0.0,0.0,0.0,0.0,0.0,0.0,0.0,0.0,0.0,0.0,0.0,0.0,0.0,0.0,0.0,0.0,0.0,0.0,0.0,0.0,0.0,0.0,0.0,0.0,0.0,0.0,0.0,0.0,0.0,0.0,0.0,0.0,0.0,0.0,0.0,0.0,0.0,0.0,0.0,0.0,0.0,0.0,0.0,0.0,0.0,0.0,0.0,0.0,0.0,0.0,0.0,0.0,0.0,0.0,0.0,0.0,0.0,0.0,0.0,0.0,0.0,0.0,0.0,0.0
154,116.2714,37.4372,0.0,0.0,0.0,0.0,0.0,0.0,0.0,0.0,0.0,31365.48490547475,0.0,31365.48490547475,0.0,0.0,0.0,0.0,0.0,0.0,0.0,0.0,0.0,0.0,0.0,0.0,0.0,784137.1226364924,0.0,2352411.367909477,0.0,0.0,0.0,0.0,0.0,0.0,0.0,0.0,3136548.490546164,0.0,0.0,0.0,0.0,3136548.490546164,0.0,9409645.471638493,0.0,0.0,0.0,0.0,0.0,0.0,0.0,0.0,7057234.103728613,0.0,0.0,0.0,0.0,21171702.311185837,0.0,0.0,49400638.72610029,0.0,0.0,0.0,0.0,0.0,0.0,0.0,0.0,37638581.8865511,0.0,0.0,0.0,0.0,37638581.8865511,0.0,0.0,200739103.39493918,0.0,0.0
155,119.5967,37.0308,0.0,0.0,0.0,0.0,0.0,0.0,0.0,0.0,0.0,0.0,0.0,0.0,0.0,31365.484905477937,0.0,0.0,0.0,0.0,0.0,0.0,784137.1226364943,0.0,0.0,0.0,0.0,0.0,0.0,0.0,0.0,784137.1226364943,0.0,0.0,0.0,0.0,0.0,0.0,9409645.471638467,0.0,0.0,0.0,0.0,0.0,0.0,0.0,0.0,3136548.4905461557,0.0,0.0,0.0,0.0,0.0,0.0,28228936.414914016,0.0,0.0,0.0,0.0,0.0,0.0,0.0,0.0,0.0,14114468.207457008,0.0,0.0,0.0,0.0,0.0,0.0,138008133.58401993,0.0,0.0,0.0,0.0,0.0,0.0,0.0,12546193.96218363,0.0,37638581.88655089
156,114.3922,36.0878,0.0,62730.9698109495,0.0,0.0,0.0,0.0,0.0,0.0,0.0,0.0,0.0,0.0,0.0,0.0,0.0,3920685.613182462,0.0,0.0,0.0,2352411.367909477,0.0,0.0,0.0,0.0,0.0,784137.1226364924,0.0,4704822.735818954,0.0,0.0,0.0,31365484.90546164,0.0,0.0,0.0,34502033.396007806,0.0,0.0,0.0,0.0,0.0,3136548.490546164,0.0,59594421.32037712,0.0,0.0,0.0,98801277.45220058,0.0,0.0,0.0,119972979.76338641,0.0,0.0,7057234.103728613,0.0,0.0,28228936.41491445,0.0,0.0,232888725.42304423,0.0,0.0,0.0,188192909.43275547,0.0,0.0,0.0,225831491.31930658,0.0,12546193.962183699,12546193.962183699,0.0,0.0,75277163.7731022,0.0,0.0,602217310.1848176,0.0,0.0
