index,pop_density_2015,pop_density_2016,pop_density_2017,pop_density_2018,pop_density_2019
0,22172.309,23308.975,24187.615,25276.205,26444.977
1,71.77417,56.24787,66.42686,61.615932,67.73888
2,22909.07,23998.143,24892.275,25442.432,26283.06
3,13716.232,14089.576,14577.727,15390.683,15991.014
4,14355.65,14874.707,15271.341,15725.264,16499.209
5,22382.746,23395.418,24149.986,24862.951,25913.03
6,15391.615,17006.928,17414.373,18387.969,19196.156
7,505.35025,527.10657,536.68744,532.72784,550.59784
8,140.44748,140.19208,139.22372,147.31744,136.94153
9,4548.7876,5320.3164,5478.7236,5653.686,5726.8047
10,19669.352,20300.602,21374.262,21567.918,22565.174
11,16079.837,16062.627,16739.115,17363.264,17483.5
12,88176.336,92427.53,93207.81,98634.65,101044.79
13,25206.85,26216.197,27200.021,28156.57,29080.676
14,21610.396,21934.42,21850.688,22665.318,22824.48
15,31328.932,32039.824,33041.76,33640.83,34569.53
16,20956.242,21857.105,22353.924,23429.594,23760.55
17,38970.906,40015.05,40549.36,41533.82,43223.742
18,2556.7158,2916.4185,3159.7512,3279.9915,3303.7124
19,10715.519,10562.8,10863.2,10762.669,11474.1455
20,3914.065,3745.788,3753.6,3972.081,4056.6426
21,5203.398,5129.4385,5241.3506,5612.12,5860.173
22,9067.754,8878.649,9014.598,8957.411,9021.227
23,484.15958,522.2432,579.953,537.0908,518.6243
24,519.5794,485.21793,358.83344,499.45493,358.9477
25,247.55424,272.18048,277.03137,287.09015,287.21384
26,11698.584,11757.0625,11846.4,11844.109,11853.448
27,10076.14,9729.93,9287.01,9476.651,9836.773
28,8436.948,8181.0645,8581.025,8598.415,8774.178
29,2239.2712,2317.993,2338.614,2265.975,2324.3074
30,16698.293,17379.55,17517.78,17398.791,17692.441
31,18197.104,18793.443,18688.28,18554.566,18697.078
32,1617.008,1695.8036,1702.5125,1664.5995,1615.0417
33,3080.3982,3233.0747,3350.2722,3319.5674,3296.7317
34,34471.453,36376.785,36494.707,36081.1,36470.492
35,16858.334,17378.893,17650.021,17290.346,17355.885
36,389.12933,376.37225,379.11902,385.23416,386.36682
37,20218.98,20643.195,21106.535,20825.254,21320.236
38,1273.4601,1228.3212,1260.8827,1384.4497,1375.1252
39,6011.071,6246.897,6433.247,6611.1147,6542.4033
40,32584.111,32186.215,33077.61,33189.52,33554.39
41,11617.557,11451.97,11633.591,11641.919,11616.232
42,7778.65,7363.0977,7229.746,7368.2437,7316.298
43,1044.1345,1070.8833,1091.5236,1091.7285,1103.6829
44,5307.6577,5149.6675,5078.728,5153.1216,5149.0923
45,20678.236,21574.467,21472.525,21414.5,21310.18
46,8862.973,9014.873,9094.356,9125.755,8978.161
47,6957.9834,6629.131,6625.493,6544.76,6633.2734
48,16094.763,16086.164,15932.89,16319.779,16348.8955
49,4054.1814,4180.593,4063.7517,4122.104,4091.1152
50,188.36417,172.38008,172.53299,176.0349,171.95761
51,557.9839,503.42804,493.83527,510.56573,481.9102
52,1247.3494,1215.4691,1204.5747,1242.6549,1230.856
53,816.4148,752.8826,757.86926,774.4851,641.3512
54,1273.7794,1217.8827,1251.2206,1272.4639,1339.1019
55,1363.1205,1263.635,1243.8478,1281.6201,1283.6935
56,8936.011,8818.016,9037.3,8865.047,9190.482
57,5373.607,5485.8286,5826.8,6054.998,5966.7896
58,11.114318,10.845597,10.916263,10.380761,10.959759
59,4136.072,3801.4028,3780.6628,3816.3286,3787.215
60,341.10626,336.728,345.9727,353.1865,357.88376
61,7413.634,7113.846,7269.782,7165.597,7192.7866
62,21441.244,22221.346,23070.086,22559.229,22934.914
63,1724.9407,1718.4675,1651.5221,1787.1035,1837.451
64,4575.5483,4433.42,4515.1646,4580.7925,4705.0024
65,12207.844,12141.815,12209.845,12422.57,12455.237
66,885.6601,850.71063,876.1973,855.6493,863.3668
67,18110.17,18219.875,18633.574,19252.598,19752.895
68,29454.766,30999.662,31814.342,32329.64,33009.105
69,138.79195,147.18405,153.1483,155.27765,163.59486
70,2031.9312,2091.2812,2172.6885,2206.141,2285.0557
71,7851.9604,8558.984,8608.936,8749.195,8938.9375
72,16101.109,16604.15,16943.984,17865.467,17638.299
73,24124.512,25202.182,25445.068,25877.035,26519.322
74,225.37993,247.99179,254.28967,257.54227,253.0108
75,1032.6794,993.70685,1030.9584,1096.6506,1102.5687
76,52088.69,53222.45,54657.984,55203.242,55474.758
77,3209.3423,3229.126,3431.672,3510.2556,3605.1284
78,12354.307,12751.732,12765.981,12919.152,13127.38
79,4114.039,4394.012,4443.542,4531.1646,4582.048
80,16796.77,17155.113,17568.203,17818.654,17811.482
81,2303.2522,2319.732,2408.3606,2164.5022,2291.6345
82,15469.205,16138.663,16605.725,16922.326,17182.96
83,19401.768,19994.719,20308.6,21581.342,21533.176
84,14994.528,14827.691,15215.053,15861.31,16178.264
85,9693.273,11020.161,11132.926,11136.36,11425.704
86,3555.7395,3923.565,4029.5063,4206.801,4188.5996
87,2982.7153,3096.6687,3067.399,3218.9175,3232.8892
88,37190.496,37913.527,39059.96,40036.934,40846.445
89,513.82733,524.0964,521.4084,549.60266,635.30817
90,4496.4653,4775.329,4822.4175,4726.0503,4766.0576
91,4784.1787,4784.6694,4814.5015,4879.3022,4752.832
92,13937.8,14166.166,13807.783,13972.22,14736.802
93,2616.3008,2516.1897,2527.9436,2639.2114,2645.276
94,2323.7668,2575.7122,2677.7244,2831.2913,2710.0493
95,6584.37,6445.209,6692.072,6924.768,6940.3813
96,2562.319,2387.175,2386.5776,2596.0706,2529.7686
97,960.86346,990.8158,891.1365,844.66016,859.45465
98,4984.4434,5174.403,5250.4897,5290.4937,5226.97
99,13952.515,13776.119,13687.083,14006.524,14277.796
100,11522.074,11675.366,11485.508,11128.158,11664.501
101,9482.689,9624.608,9525.652,10056.466,9920.496
102,8221.076,8533.132,8849.016,9007.682,9091.351
103,4691.8687,4745.7627,4796.398,4770.114,4710.737
104,14596.231,14808.202,14897.368,14446.7705,14421.128
105,7366.703,7185.105,7059.6626,6963.461,6922.4453
106,5030.3213,5094.4424,5149.91,5156.7144,5554.5312
107,5775.75,5670.4194,5664.9937,5062.372,5189.3354
108,6886.6924,6893.7183,6965.768,7079.6772,7066.146
109,5295.96,5536.573,5700.698,5720.17,5944.7603
110,3974.9023,3990.9275,3971.5684,3899.179,3937.0947
111,5798.232,5963.445,5937.3774,5996.072,6154.142
112,5996.1597,6002.2896,6116.2495,6144.288,6338.495
113,5054.817,5147.4263,5303.9365,4858.836,5157.274
114,2716.8613,2803.6323,2864.41,2870.8457,2961.6565
115,2547.1826,2638.301,2695.2144,2749.0266,2732.6729
116,3319.5767,3319.315,3369.8303,3370.6858,3475.4004
117,640.6902,547.81744,498.71854,504.5371,466.79846
118,761.2123,738.55554,739.93774,722.6527,744.4419
119,12577.337,12587.863,12700.3545,12832.259,12729.785
120,20457.666,21147.934,21260.549,21472.703,21232.143
121,22332.514,22798.387,22706.229,23063.418,23284.002
122,10338.452,9939.987,9883.567,10021.883,10257.127
123,17136.309,17301.947,17176.412,17443.686,17561.725
124,18964.934,19129.898,19264.44,18825.549,18985.266
125,1605.8779,1601.5972,1508.254,1333.2086,1337.1273
126,10652.72,10809.887,10900.433,10881.378,11429.699
127,2106.2366,2235.047,2186.5388,2290.3743,2268.0117
128,1393.1373,1472.7299,1494.0396,1603.9276,1580.9438
129,10398.598,10806.085,10986.917,11161.6875,11499.049
130,21013.672,21810.705,22026.936,22211.78,22155.0
131,20526.371,21012.47,21243.902,21558.215,21437.227
132,12114.041,12094.405,12388.5205,12485.959,12531.419
133,7264.818,7333.341,7444.808,7498.759,7768.92
134,245.93752,266.01266,269.46887,268.96063,247.43156
135,13919.422,14090.891,14485.212,14585.543,14379.029
136,689.64105,659.9403,690.94244,756.43854,742.9115
137,17166.674,16968.379,16698.395,17535.236,18140.562
138,5360.489,5399.449,5585.9976,5662.2876,5847.175
139,3082.1853,3089.5874,3088.7559,3059.9595,3179.2737
140,12004.048,12679.957,12576.451,12558.08,12466.154
141,16876.688,16692.592,16554.252,16857.312,16896.396
142,2765.1687,2856.6763,2925.0115,2773.447,2751.708
143,3392.5715,3196.4573,3148.0461,3397.3816,3435.356
144,3418.5698,3592.397,3699.4211,3561.5046,3865.2476
145,19536.031,20586.012,20877.049,20025.984,20689.092
146,6492.788,6994.526,7558.933,7181.408,8270.334
147,1348.5212,1340.2676,1393.7998,1400.4989,1388.7649
148,6110.018,6129.997,6159.465,6100.0757,6212.1587
149,42471.773,43739.848,44775.59,46422.625,47519.723
150,13110.864,13132.528,13350.85,13840.447,14061.934
151,13828.64,14055.086,14017.453,14626.242,14622.886
152,631.5303,672.9354,690.2546,653.8499,742.86804
153,762.92334,696.09064,676.8887,662.4756,710.3093
154,2851.0054,2648.9482,2724.366,2819.7222,2542.06
155,180.93822,136.06326,109.369415,140.55466,115.138245
156,1531.7559,1462.1136,1444.7708,1390.7377,1337.6046
