index,Code,year,n_days,mean,std,min,max
0,1001A,2015,364,84.94,80.54,5.59,535.78
0,1001A,2016,365,78.44,69.05,7.5,420.87
0,1001A,2017,365,62.35,61.15,5.79,434.16
0,1001A,2018,360,51.68,42.79,4.0,252.62
0,1001A,2019,364,45.71,37.06,4.27,281.38
1,1002A,2015,364,64.43,63.74,4.04,427.76
1,1002A,2016,363,60.12,58.68,5.43,398.17
1,1002A,2017,365,47.33,45.75,2.41,314.22
1,1002A,2018,360,43.24,42.17,2.5,270.71
1,1002A,2019,363,33.62,28.9,2.19,186.57
2,1003A,2015,364,87.26,80.54,4.96,567.17
2,1003A,2016,363,80.18,70.15,3.83,405.89
2,1003A,2017,365,62.53,59.71,5.39,474.68
2,1003A,2018,360,53.63,45.04,3.17,258.42
2,1003A,2019,364,44.32,34.35,3.05,227.5
3,1004A,2015,364,82.17,75.14,6.0,497.52
3,1004A,2016,366,74.02,64.44,6.12,385.63
3,1004A,2017,365,58.33,56.99,5.58,446.08
3,1004A,2018,360,50.17,42.11,2.58,246.42
3,1004A,2019,363,45.29,37.55,3.56,306.42
4,1005A,2015,363,85.06,79.16,3.69,512.14
4,1005A,2016,366,76.4,67.02,7.0,372.05
4,1005A,2017,364,60.27,59.17,4.79,436.16
4,1005A,2018,360,51.9,43.06,3.91,251.04
4,1005A,2019,364,44.45,34.36,3.77,225.0
5,1006A,2015,364,82.19,74.19,6.91,532.04
5,1006A,2016,365,77.37,67.16,6.58,407.09
5,1006A,2017,365,59.0,55.14,5.65,482.16
5,1006A,2018,360,52.93,44.13,5.43,255.38
5,1006A,2019,364,42.85,34.4,2.92,227.08
6,1007A,2015,364,80.21,71.54,4.62,472.29
6,1007A,2016,366,71.51,63.41,5.38,380.7
6,1007A,2017,365,56.7,56.04,4.3,472.21
6,1007A,2018,360,50.22,41.88,3.0,233.17
6,1007A,2019,364,42.01,32.57,4.06,207.88
7,1008A,2015,364,81.27,72.02,5.08,520.62
7,1008A,2016,365,72.26,63.05,3.0,374.96
7,1008A,2017,365,57.72,56.4,4.14,424.79
7,1008A,2018,360,51.93,46.7,2.35,294.0
7,1008A,2019,364,41.85,32.93,2.62,214.09
8,1009A,2015,364,70.54,62.76,4.68,450.38
8,1009A,2016,366,61.17,55.45,5.48,362.7
8,1009A,2017,364,50.04,48.07,4.09,393.42
8,1009A,2018,359,44.06,42.36,2.44,266.88
8,1009A,2019,364,35.05,28.66,2.71,198.42
9,1010A,2015,357,69.31,60.16,6.8,382.67
9,1010A,2016,366,61.6,56.27,6.78,407.22
9,1010A,2017,365,51.91,50.19,5.27,426.68
9,1010A,2018,360,46.46,41.72,5.11,267.33
9,1010A,2019,364,37.32,29.59,3.81,195.91
10,1011A,2015,364,81.55,74.31,5.33,507.3
10,1011A,2016,366,73.93,65.23,5.96,372.13
10,1011A,2017,365,57.71,56.55,4.33,457.63
10,1011A,2018,360,52.35,43.57,4.11,244.25
10,1011A,2019,364,42.54,32.81,4.0,204.62
11,1012A,2015,364,83.81,75.27,5.5,512.81
11,1012A,2016,366,77.59,67.47,7.42,481.11
11,1012A,2017,365,61.71,59.91,5.21,482.95
11,1012A,2018,360,54.88,46.19,4.3,269.06
11,1012A,2019,364,44.5,32.92,4.35,218.38
12,1013A,2015,180,71.06,45.62,11.43,332.36
13,1014A,2015,364,73.04,54.02,6.6,342.58
13,1014A,2016,325,67.64,47.65,5.11,392.42
14,1015A,2015,364,69.12,56.34,6.82,405.59
14,1015A,2016,366,72.76,59.35,7.59,388.67
14,1015A,2017,365,65.01,50.11,9.82,338.19
14,1015A,2018,360,53.88,39.71,7.82,294.29
14,1015A,2019,364,55.21,41.68,8.93,274.57
15,1016A,2015,362,71.28,52.03,8.04,324.67
15,1016A,2016,153,62.04,51.11,9.96,380.12
16,1017A,2015,364,68.33,52.04,6.91,334.08
16,1017A,2016,366,70.9,55.14,6.08,331.92
16,1017A,2017,365,64.57,48.62,9.33,292.45
16,1017A,2018,360,52.89,38.18,7.76,280.09
16,1017A,2019,364,52.06,42.2,6.07,262.88
17,1018A,2015,363,72.64,52.31,8.05,334.21
17,1018A,2016,366,71.44,56.99,9.0,341.75
17,1018A,2017,364,65.56,49.07,8.87,303.0
17,1018A,2018,360,51.49,39.01,6.1,292.46
17,1018A,2019,364,51.45,42.08,5.25,271.17
18,1019A,2015,361,75.56,57.1,6.42,382.67
18,1019A,2016,366,76.03,62.28,7.78,421.33
18,1019A,2017,365,66.31,52.77,8.26,351.4
18,1019A,2018,360,53.93,38.17,6.91,262.91
18,1019A,2019,364,53.71,41.98,4.78,280.0
19,1020A,2015,179,73.62,39.34,15.58,243.67
20,1021A,2015,358,66.34,53.89,4.5,337.52
20,1021A,2016,365,67.11,55.53,8.78,412.29
20,1021A,2017,365,63.53,47.91,8.6,283.88
20,1021A,2018,360,53.1,39.89,6.62,282.55
20,1021A,2019,364,51.68,39.46,6.05,251.62
21,1023A,2015,364,75.78,52.08,10.3,341.38
21,1023A,2016,366,63.65,44.28,8.7,291.46
21,1023A,2017,365,60.77,40.11,10.75,225.04
21,1023A,2018,360,50.75,37.91,8.17,283.96
21,1023A,2019,364,50.52,38.18,2.0,239.29
22,1024A,2015,362,70.43,52.1,7.11,347.92
22,1024A,2016,365,66.51,48.01,10.78,282.83
22,1024A,2017,365,62.32,43.95,8.5,263.79
22,1024A,2018,360,50.89,37.96,4.63,269.21
22,1024A,2019,364,49.76,39.49,4.08,232.21
23,1025A,2015,363,66.91,53.16,6.0,331.41
23,1025A,2016,366,70.09,53.4,7.58,342.25
23,1025A,2017,116,82.79,59.65,12.54,303.17
24,1026A,2015,359,63.51,47.24,8.67,305.88
24,1026A,2016,364,58.59,45.62,4.33,296.55
24,1026A,2017,365,57.87,41.91,7.71,260.67
24,1026A,2018,360,47.1,35.31,4.58,249.5
24,1026A,2019,364,48.21,36.99,4.75,248.5
25,1027A,2015,357,84.97,55.61,13.39,393.83
25,1027A,2016,365,84.91,54.97,10.17,319.12
25,1027A,2017,362,71.46,48.65,7.68,274.46
25,1027A,2018,360,59.44,41.73,7.0,293.62
25,1027A,2019,359,56.24,42.02,3.77,252.59
26,1036A,2015,364,80.97,51.98,3.43,304.04
26,1036A,2016,366,69.98,53.27,6.92,335.74
26,1036A,2017,365,61.56,44.01,12.71,281.25
26,1036A,2018,360,58.41,37.39,14.08,339.26
26,1036A,2019,363,53.39,37.54,8.5,274.46
27,1037A,2015,364,84.2,57.01,2.48,371.52
27,1037A,2016,366,75.22,58.87,8.57,386.3
27,1037A,2017,365,64.85,47.82,11.21,322.54
27,1037A,2018,360,58.23,38.2,13.04,347.7
27,1037A,2019,364,52.84,37.15,9.54,281.79
28,1038A,2015,353,81.06,50.63,8.22,302.17
28,1038A,2016,366,70.49,57.18,8.58,369.78
28,1038A,2017,365,65.26,47.3,10.83,295.17
28,1038A,2018,360,59.49,38.58,15.29,350.39
28,1038A,2019,363,52.74,36.94,6.32,279.67
29,1039A,2015,364,84.99,57.75,4.43,347.29
29,1039A,2016,366,73.12,58.79,8.62,368.63
29,1039A,2017,365,68.72,50.21,12.0,319.71
29,1039A,2018,360,62.85,39.61,16.04,348.3
29,1039A,2019,361,53.96,37.01,8.25,281.92
30,1040A,2015,364,88.13,55.56,3.9,321.38
30,1040A,2016,366,80.29,59.21,9.08,393.68
30,1040A,2017,365,71.75,48.27,17.21,297.3
30,1040A,2018,360,60.61,40.64,7.92,366.57
30,1040A,2019,364,57.12,38.82,5.0,276.33
31,1041A,2015,364,88.77,57.49,5.13,338.92
31,1041A,2016,366,75.63,60.56,11.04,379.38
31,1041A,2017,365,68.03,49.43,13.61,315.12
31,1041A,2018,360,61.18,38.38,16.21,346.57
31,1041A,2019,364,53.76,39.1,8.06,283.46
32,1042A,2015,360,49.19,38.84,4.12,184.3
32,1042A,2016,366,41.95,35.29,5.21,237.3
32,1042A,2017,365,39.74,33.8,6.62,243.31
32,1042A,2018,359,30.67,26.23,4.62,231.17
32,1042A,2019,364,39.64,37.16,4.92,332.67
33,1043A,2015,364,49.29,40.8,3.46,233.92
33,1043A,2016,366,47.79,40.91,3.79,250.61
33,1043A,2017,365,41.39,36.75,6.0,392.94
33,1043A,2018,358,36.33,28.76,4.75,231.39
33,1043A,2019,363,40.16,33.49,4.42,248.0
34,1044A,2015,364,47.34,37.41,3.28,218.91
34,1044A,2016,366,48.75,34.93,6.17,227.45
34,1044A,2017,365,47.69,34.64,10.92,313.17
34,1044A,2018,360,45.67,30.26,7.9,221.09
34,1044A,2019,364,43.75,33.0,6.3,279.08
35,1045A,2015,357,48.59,41.17,2.71,248.67
35,1045A,2016,366,45.85,39.48,3.54,221.13
35,1045A,2017,285,39.77,35.04,6.79,307.89
36,1046A,2015,364,42.72,35.34,2.1,207.54
36,1046A,2016,366,46.72,41.02,3.04,271.91
36,1046A,2017,365,48.36,38.69,8.54,387.61
36,1046A,2018,360,42.94,32.77,6.45,238.77
36,1046A,2019,363,42.13,33.01,5.25,277.38
37,1047A,2015,364,86.76,62.06,7.65,451.58
37,1047A,2016,366,79.54,75.07,6.53,655.2
37,1047A,2017,365,80.02,52.4,14.45,327.88
37,1047A,2018,360,69.9,52.77,12.74,322.67
37,1047A,2019,361,67.37,55.09,11.47,339.83
38,1048A,2015,362,92.48,66.62,5.96,604.33
38,1048A,2016,366,81.54,76.69,6.82,683.0
38,1048A,2017,365,88.94,52.82,14.38,310.42
38,1048A,2018,360,65.41,52.28,7.12,319.58
38,1048A,2019,364,63.59,45.47,8.75,313.21
39,1049A,2015,364,97.13,64.35,11.19,519.3
39,1049A,2016,366,88.56,80.46,7.5,754.17
39,1049A,2017,365,87.37,53.64,17.08,348.67
39,1049A,2018,360,75.11,50.71,11.47,321.12
39,1049A,2019,364,68.64,55.72,9.38,407.08
40,1050A,2015,363,88.22,60.78,9.95,383.0
40,1050A,2016,365,76.25,78.27,9.21,683.04
40,1050A,2017,365,86.47,59.13,14.71,351.46
40,1050A,2018,360,65.56,48.82,7.17,284.75
40,1050A,2019,364,63.35,50.77,6.79,292.95
41,1051A,2015,364,107.95,81.94,10.13,574.86
41,1051A,2016,366,89.75,70.02,10.39,443.43
41,1051A,2017,365,84.29,67.35,12.04,544.9
41,1051A,2018,360,65.48,47.61,11.75,358.67
41,1051A,2019,364,56.41,50.59,8.88,395.08
42,1052A,2015,364,115.26,98.68,9.29,668.45
42,1052A,2016,360,98.5,73.91,7.71,426.29
42,1052A,2017,361,85.68,70.34,10.92,615.09
42,1052A,2018,360,64.79,48.64,10.96,338.29
42,1052A,2019,364,54.94,48.23,7.0,365.0
43,1053A,2015,364,99.56,83.36,8.35,534.36
43,1053A,2016,366,92.94,70.9,7.08,423.58
43,1053A,2017,365,84.32,68.93,9.57,644.14
43,1053A,2018,360,70.05,50.89,13.9,343.83
43,1053A,2019,364,59.77,54.87,10.04,426.96
44,1054A,2015,364,106.46,88.55,11.57,535.33
44,1054A,2016,363,92.42,70.67,6.74,436.57
44,1054A,2017,352,88.65,66.44,11.58,505.0
44,1054A,2018,356,68.62,48.7,13.42,387.42
44,1054A,2019,364,61.89,55.45,10.8,416.54
45,1055A,2015,363,100.29,76.99,12.62,466.05
45,1055A,2016,366,88.13,68.56,9.16,431.65
45,1055A,2017,365,79.59,62.33,14.0,539.86
45,1055A,2018,360,63.35,46.02,13.63,352.25
45,1055A,2019,364,60.78,53.33,9.46,417.58
46,1057A,2015,364,36.89,22.83,5.21,125.27
46,1057A,2016,366,35.34,21.53,9.58,169.85
46,1057A,2017,365,32.74,24.02,10.17,227.54
46,1057A,2018,360,29.06,18.7,8.25,172.95
46,1057A,2019,363,22.26,12.26,6.96,93.83
47,1058A,2015,361,31.73,21.64,2.92,128.59
47,1058A,2016,365,27.78,21.54,3.0,151.35
47,1058A,2017,274,36.59,26.82,10.13,225.92
48,1059A,2015,364,29.67,24.19,2.89,151.8
48,1059A,2016,366,29.43,25.53,3.0,176.71
48,1059A,2017,365,26.81,27.7,2.86,323.29
48,1059A,2018,352,28.8,26.01,3.27,227.54
48,1059A,2019,362,24.39,18.11,2.25,130.54
49,1060A,2015,364,36.33,22.78,5.77,177.15
49,1060A,2016,366,34.69,22.22,5.08,147.17
49,1060A,2017,365,33.27,26.28,9.17,298.65
49,1060A,2018,360,33.45,22.27,7.71,176.42
49,1060A,2019,364,29.44,18.0,8.3,134.46
50,1061A,2015,361,34.35,23.21,3.89,121.26
50,1061A,2016,365,32.26,18.42,3.0,119.54
50,1061A,2017,364,39.22,27.3,12.58,274.54
50,1061A,2018,357,34.9,20.55,8.07,142.17
50,1061A,2019,364,27.31,15.2,8.6,104.81
51,1062A,2015,364,41.53,30.39,7.45,186.14
51,1062A,2016,366,37.19,27.53,5.4,177.83
51,1062A,2017,365,31.44,25.42,7.18,243.74
51,1062A,2018,360,29.1,22.84,6.15,160.67
51,1062A,2019,364,30.11,21.98,3.78,160.04
52,1063A,2015,364,41.31,29.71,3.5,203.05
52,1063A,2016,366,39.53,28.58,6.12,183.52
52,1063A,2017,365,33.88,24.64,7.5,215.82
52,1063A,2018,360,31.37,24.07,7.15,185.17
52,1063A,2019,364,29.58,20.77,4.75,139.0
53,1064A,2015,362,46.04,35.77,4.58,213.76
53,1064A,2016,366,43.81,29.77,7.25,195.86
53,1064A,2017,365,42.12,28.9,8.27,277.1
53,1064A,2018,360,37.3,26.34,7.58,177.09
53,1064A,2019,364,30.67,20.11,7.0,153.04
54,1065A,2015,364,41.57,30.75,8.44,180.24
54,1065A,2016,366,38.09,28.7,3.1,170.91
54,1065A,2017,365,32.71,24.36,6.0,167.12
54,1065A,2018,360,30.95,23.76,5.92,177.92
54,1065A,2019,363,27.39,18.63,6.42,138.38
55,1066A,2015,364,37.03,24.82,4.45,157.29
55,1066A,2016,366,33.51,25.03,3.33,177.57
55,1066A,2017,365,31.4,21.38,8.0,172.96
55,1066A,2018,360,30.54,20.77,8.33,146.08
55,1066A,2019,338,28.06,18.36,4.04,144.38
56,1067A,2015,364,85.81,74.03,4.83,547.07
56,1067A,2016,366,66.81,60.6,6.71,408.45
56,1067A,2017,365,60.53,50.02,10.12,328.71
56,1067A,2018,360,54.25,39.29,9.38,300.26
56,1067A,2019,364,47.3,38.31,7.06,308.46
57,1069A,2015,364,84.51,71.28,5.42,468.12
57,1069A,2016,153,62.43,55.34,9.77,379.25
58,1070A,2015,364,81.48,71.36,2.93,542.0
58,1070A,2016,366,67.96,62.74,4.0,426.86
58,1070A,2017,365,62.41,51.89,8.12,364.33
58,1070A,2018,360,53.12,39.41,8.79,294.0
58,1070A,2019,364,45.6,39.05,6.83,321.83
59,1071A,2015,364,72.38,52.75,4.67,406.86
59,1071A,2016,366,67.99,47.35,11.33,322.12
59,1071A,2017,365,66.11,44.62,13.88,266.33
59,1071A,2018,360,56.92,39.53,8.43,282.5
59,1071A,2019,364,51.34,40.91,7.22,259.21
60,1072A,2015,363,74.53,55.96,2.5,448.05
60,1072A,2016,366,70.64,49.78,6.74,323.46
60,1072A,2017,365,64.58,43.78,18.25,267.54
60,1072A,2018,358,56.59,38.69,13.1,276.0
60,1072A,2019,364,48.22,37.78,5.73,214.5
61,1073A,2015,364,63.74,45.47,6.74,324.27
61,1073A,2016,366,67.57,47.35,11.92,297.12
61,1073A,2017,365,67.89,43.14,19.58,274.79
61,1073A,2018,360,61.73,40.18,11.71,284.58
61,1073A,2019,364,50.46,37.67,7.26,219.04
62,1074A,2015,364,95.69,74.44,18.71,735.62
62,1074A,2016,366,85.68,57.21,9.0,378.25
62,1074A,2017,365,72.29,49.87,15.58,338.04
62,1074A,2018,360,59.33,41.85,11.64,248.17
62,1074A,2019,364,54.3,44.24,6.69,280.33
63,1075A,2015,364,96.64,75.63,19.94,723.52
63,1075A,2016,366,89.89,58.04,15.92,420.12
63,1075A,2017,365,78.86,51.84,18.75,351.62
63,1075A,2018,360,61.38,44.81,12.71,266.13
63,1075A,2019,362,57.85,44.9,7.75,289.0
64,1077A,2015,363,106.24,85.91,8.48,665.83
64,1077A,2016,366,87.95,65.08,12.67,464.09
64,1077A,2017,365,83.09,62.14,14.46,473.87
64,1077A,2018,359,70.01,54.73,9.5,382.71
64,1077A,2019,358,67.26,54.65,9.05,375.68
65,1078A,2015,364,97.57,78.64,11.26,500.54
65,1078A,2016,366,84.01,62.35,8.13,382.05
65,1078A,2017,365,81.47,59.54,13.48,455.79
65,1078A,2018,360,64.57,51.75,8.75,353.25
65,1078A,2019,344,66.85,55.07,7.57,334.12
66,1079A,2015,364,100.27,80.41,8.43,540.83
66,1079A,2016,365,94.02,70.11,7.0,467.42
66,1079A,2017,361,85.54,59.48,15.17,436.88
66,1079A,2018,360,68.45,55.6,9.37,388.35
66,1079A,2019,362,59.51,53.14,8.0,324.79
67,1081A,2015,364,61.22,41.07,7.78,241.9
67,1081A,2016,366,65.83,51.98,4.83,309.92
67,1081A,2017,365,67.39,45.74,10.75,296.54
67,1081A,2018,289,58.5,37.7,6.5,216.67
67,1081A,2019,364,51.64,36.96,10.1,255.75
68,1082A,2015,329,58.48,35.39,9.5,238.0
68,1082A,2016,5,54.8,45.64,21.0,129.0
69,1083A,2015,362,42.34,31.68,3.52,207.22
69,1083A,2016,366,44.72,37.2,3.29,241.12
69,1083A,2017,363,45.74,37.3,6.4,229.58
69,1083A,2018,286,40.97,29.05,3.62,159.77
69,1083A,2019,364,38.53,29.78,4.38,189.79
70,1084A,2015,364,61.27,41.56,7.13,277.11
70,1084A,2016,366,69.35,59.33,5.08,400.84
70,1084A,2017,365,74.85,58.46,10.21,466.25
70,1084A,2018,358,70.56,44.1,6.88,231.0
70,1084A,2019,364,64.05,52.64,7.38,402.17
71,1085A,2015,364,62.12,40.28,6.09,263.78
71,1085A,2016,366,72.39,63.08,3.57,417.17
71,1085A,2017,365,67.29,52.68,11.21,418.35
71,1085A,2018,286,58.07,38.68,6.65,193.38
71,1085A,2019,364,58.21,43.33,7.12,282.75
72,1086A,2015,364,55.76,37.11,6.48,227.67
72,1086A,2016,366,66.11,59.72,5.42,369.44
72,1086A,2017,365,70.21,55.12,11.17,384.05
72,1086A,2018,312,57.53,35.57,9.17,231.3
72,1086A,2019,364,52.78,38.28,8.58,279.38
73,1087A,2015,362,63.36,39.91,8.17,220.5
73,1087A,2016,366,59.5,47.53,4.75,336.08
73,1087A,2017,365,67.62,49.95,9.88,362.8
73,1087A,2018,296,59.13,37.28,8.0,209.75
73,1087A,2019,364,54.76,39.21,6.46,276.67
74,1088A,2015,363,58.66,47.34,4.83,402.9
74,1088A,2016,366,60.8,45.32,6.67,324.67
74,1088A,2017,365,58.17,40.67,6.67,260.92
74,1088A,2018,355,55.25,34.84,3.56,195.46
74,1088A,2019,364,55.83,39.8,7.55,271.29
75,1089A,2015,364,69.64,48.62,9.26,366.11
75,1089A,2016,366,72.35,57.22,4.5,400.88
75,1089A,2017,365,68.17,56.26,7.71,422.5
75,1089A,2018,336,59.34,40.37,9.0,221.88
75,1089A,2019,364,55.9,41.69,6.17,352.79
76,1299A,2015,364,88.25,53.55,20.67,473.58
76,1299A,2016,366,74.56,47.25,14.42,459.89
76,1299A,2017,363,61.09,44.37,5.92,308.75
76,1299A,2018,360,49.9,34.71,6.91,210.21
76,1299A,2019,360,48.43,35.42,2.65,276.59
77,1300A,2015,358,94.07,57.08,17.18,399.92
77,1300A,2016,359,82.11,49.68,17.46,410.64
77,1300A,2017,364,62.91,41.95,7.9,294.41
77,1300A,2018,360,52.42,37.02,7.67,266.43
77,1300A,2019,364,56.8,37.85,5.71,267.09
78,1302A,2015,340,97.64,63.64,20.04,448.79
78,1302A,2016,362,73.4,49.93,10.83,431.96
78,1302A,2017,364,60.63,42.01,6.8,304.0
78,1302A,2018,359,55.46,38.87,9.81,257.14
78,1302A,2019,364,57.39,39.62,4.3,287.23
79,1303A,2015,364,92.49,57.19,19.17,427.42
79,1303A,2016,366,78.37,51.03,14.96,424.21
79,1303A,2017,359,68.37,48.74,6.62,319.79
79,1303A,2018,359,56.61,37.67,9.78,244.92
79,1303A,2019,364,55.61,40.11,3.0,280.96
80,1304A,2015,204,93.67,44.17,29.0,299.04
80,1304A,2016,26,133.03,89.9,44.75,446.37
80,1304A,2017,362,76.36,46.37,8.68,305.71
80,1304A,2018,360,59.03,39.78,5.38,258.46
80,1304A,2019,364,59.35,40.74,3.15,299.33
81,1306A,2015,262,91.69,58.52,12.25,368.54
81,1306A,2016,366,71.58,44.67,13.96,322.58
81,1306A,2017,356,63.79,38.3,7.65,250.46
81,1306A,2018,359,55.11,39.29,6.0,244.48
81,1306A,2019,362,55.5,37.93,3.42,269.38
82,1316A,2015,364,92.52,57.64,8.48,387.4
82,1316A,2016,366,79.63,70.05,13.33,557.35
82,1316A,2017,365,72.75,56.15,13.0,344.4
82,1316A,2018,360,64.08,51.91,9.24,368.96
82,1316A,2019,363,58.64,48.04,5.96,273.73
83,1317A,2015,364,89.71,57.1,11.87,382.82
83,1317A,2016,366,75.03,66.94,12.5,578.88
83,1317A,2017,365,70.09,51.07,13.33,305.0
83,1317A,2018,360,62.63,49.87,9.95,346.3
83,1317A,2019,364,58.41,49.35,6.33,264.58
84,1318A,2015,364,94.13,62.25,11.67,428.53
84,1318A,2016,366,77.92,72.13,12.17,633.33
84,1318A,2017,365,74.79,55.96,12.58,339.83
84,1318A,2018,360,68.45,54.28,10.05,380.7
84,1318A,2019,364,58.63,50.61,7.79,286.75
85,1319A,2015,364,100.53,61.67,7.24,383.5
85,1319A,2016,366,79.54,69.17,11.12,620.22
85,1319A,2017,365,72.44,53.99,13.83,333.67
85,1319A,2018,360,64.48,51.99,6.76,351.42
85,1319A,2019,359,59.18,49.85,7.75,276.64
86,1320A,2015,364,104.83,67.12,10.7,398.14
86,1320A,2016,366,81.81,70.64,12.92,607.0
86,1320A,2017,365,74.01,54.55,12.3,346.12
86,1320A,2018,359,65.37,49.6,11.33,353.96
86,1320A,2019,345,58.95,46.76,7.29,256.75
87,1321A,2015,364,95.36,62.51,9.62,412.64
87,1321A,2016,366,78.64,71.83,12.21,657.22
87,1321A,2017,365,71.74,54.54,12.43,334.95
87,1321A,2018,360,63.87,55.27,10.75,382.88
87,1321A,2019,364,58.65,50.34,7.58,273.75
88,1323A,2015,364,94.54,59.83,11.1,381.91
88,1323A,2016,366,75.67,66.73,13.88,578.3
88,1323A,2017,365,68.62,54.51,12.88,354.85
88,1323A,2018,359,64.77,52.07,5.9,364.21
88,1323A,2019,362,58.13,49.63,5.18,273.62
89,1324A,2015,347,94.97,59.79,10.1,380.81
89,1324A,2016,365,79.87,72.39,11.42,591.13
89,1324A,2017,365,66.05,60.12,7.12,367.96
89,1324A,2018,360,62.69,49.09,7.76,326.0
89,1324A,2019,362,59.75,50.53,5.75,283.08
90,1622A,2015,333,86.27,53.68,14.69,429.14
90,1622A,2016,254,74.98,47.95,14.0,333.0
90,1622A,2017,357,71.97,53.42,7.62,392.17
90,1622A,2018,360,55.1,38.39,5.21,240.29
90,1622A,2019,364,55.58,44.39,4.5,318.21
91,1623A,2015,363,105.71,72.93,17.33,561.7
91,1623A,2016,366,81.86,54.14,14.46,310.17
91,1623A,2017,164,86.66,56.95,15.83,279.17
92,1624A,2015,206,103.22,72.79,17.94,501.94
92,1624A,2016,361,81.31,54.71,9.67,347.09
92,1624A,2017,344,67.42,49.43,8.25,280.75
92,1624A,2018,354,55.21,39.28,6.14,242.58
92,1624A,2019,364,53.8,44.15,1.43,315.65
93,1625A,2015,356,104.41,65.87,18.25,593.43
93,1625A,2016,363,88.08,55.2,14.67,401.43
93,1625A,2017,364,72.9,45.45,8.92,306.46
93,1625A,2018,359,59.19,40.65,6.14,261.58
93,1625A,2019,363,58.07,41.14,6.0,247.04
94,1626A,2015,308,86.5,46.82,17.74,363.0
95,1627A,2015,359,96.15,64.66,12.42,568.57
95,1627A,2016,359,84.7,49.36,14.62,391.13
95,1627A,2017,365,71.38,46.76,7.53,340.36
95,1627A,2018,360,59.16,40.91,6.14,259.45
95,1627A,2019,48,106.06,57.7,19.33,250.08
96,1629A,2015,363,80.81,55.38,9.33,364.42
96,1629A,2016,358,74.92,41.1,9.36,215.76
96,1629A,2017,365,68.19,43.26,6.12,325.22
96,1629A,2018,360,56.45,38.78,6.05,263.21
96,1629A,2019,364,54.83,40.46,1.8,238.17
97,1630A,2015,364,77.8,51.75,8.43,352.62
97,1630A,2016,366,72.8,42.55,12.96,220.22
97,1630A,2017,364,63.7,40.87,6.04,296.89
97,1630A,2018,360,54.11,36.3,5.85,245.33
97,1630A,2019,364,52.12,38.86,2.0,212.25
98,1632A,2015,362,81.69,49.18,17.39,325.21
98,1632A,2016,359,64.43,38.35,17.54,309.65
98,1632A,2017,365,64.17,39.7,7.42,292.25
98,1632A,2018,360,57.81,41.31,9.67,268.58
98,1632A,2019,364,60.2,43.04,2.76,288.19
99,1633A,2015,363,86.22,55.36,15.65,494.25
99,1633A,2016,359,71.98,51.95,17.5,526.05
99,1633A,2017,364,64.53,48.86,14.38,466.43
99,1633A,2018,359,54.83,37.11,11.17,277.79
99,1633A,2019,364,59.24,38.23,3.26,249.87
100,1634A,2017,356,61.04,39.87,6.5,317.0
100,1634A,2018,360,51.09,37.55,7.86,257.54
100,1634A,2019,364,52.36,39.02,1.0,249.09
101,1635A,2015,363,89.04,50.13,17.09,421.54
101,1635A,2016,366,82.05,44.85,17.58,396.16
101,1635A,2017,365,75.42,47.76,9.29,313.17
101,1635A,2018,360,62.71,38.86,10.9,298.54
101,1635A,2019,364,61.46,42.63,7.96,273.09
102,1636A,2015,363,100.08,58.7,18.35,390.5
102,1636A,2016,359,82.83,49.23,13.54,415.22
102,1636A,2017,364,71.12,46.28,8.79,318.04
102,1636A,2018,360,55.22,35.97,8.39,251.58
102,1636A,2019,364,54.27,37.96,4.11,241.1
103,1653A,2015,363,77.2,45.72,15.54,368.21
103,1653A,2016,366,71.1,52.72,16.7,381.12
103,1653A,2017,365,58.09,37.05,14.45,275.65
103,1653A,2018,360,49.8,30.45,12.81,246.12
103,1653A,2019,364,56.41,33.56,3.38,206.83
104,1655A,2015,358,83.27,46.45,8.55,356.08
104,1655A,2016,366,64.99,45.1,9.24,351.58
104,1655A,2017,365,54.36,35.76,9.46,232.04
104,1655A,2018,359,48.32,34.41,9.76,252.0
104,1655A,2019,363,53.96,33.0,3.61,218.35
105,1718A,2015,363,91.19,58.35,16.9,535.57
105,1718A,2016,366,80.28,55.34,15.42,445.33
105,1718A,2017,359,67.7,40.68,4.65,287.54
105,1718A,2018,360,59.61,46.61,3.4,319.12
105,1718A,2019,362,59.97,42.61,8.35,271.0
106,1719A,2015,357,94.85,53.94,16.37,463.29
106,1719A,2016,366,79.62,54.48,12.04,428.45
106,1719A,2017,365,69.04,40.35,7.74,272.79
106,1719A,2018,360,55.91,44.38,7.21,301.37
106,1719A,2019,359,57.84,40.55,10.26,250.21
107,1720A,2015,364,97.62,58.52,18.05,480.62
107,1720A,2016,366,83.87,56.74,11.67,447.75
107,1720A,2017,363,73.21,42.97,9.57,293.75
107,1720A,2018,359,62.78,46.66,4.28,310.79
107,1720A,2019,361,60.87,45.52,5.81,313.17
108,1727A,2015,364,65.02,36.89,14.83,340.67
108,1727A,2016,366,73.52,42.22,11.96,289.12
108,1727A,2017,365,62.47,33.9,6.74,219.26
108,1727A,2018,359,51.57,32.16,8.22,202.53
108,1727A,2019,364,47.65,33.05,8.91,298.88
109,1729A,2015,110,57.77,31.06,13.2,194.26
110,1730A,2015,364,63.55,38.06,4.87,288.89
110,1730A,2016,366,66.98,44.99,8.39,280.62
110,1730A,2017,365,63.18,35.4,7.5,257.29
110,1730A,2018,360,54.09,34.01,6.52,217.71
110,1730A,2019,364,48.32,35.27,6.08,286.33
111,1731A,2015,364,67.53,47.26,12.29,365.44
111,1731A,2016,366,74.91,57.27,8.38,380.42
111,1731A,2017,363,66.17,37.56,7.0,276.63
111,1731A,2018,360,56.0,36.1,5.9,224.29
111,1731A,2019,364,48.75,34.67,6.0,305.38
112,1738A,2015,363,59.68,43.55,8.0,258.31
112,1738A,2016,362,61.83,42.29,4.0,226.04
112,1738A,2017,365,65.88,41.59,9.42,281.12
112,1738A,2018,360,57.88,35.68,13.58,210.67
112,1738A,2019,364,48.18,34.93,9.12,200.25
113,1739A,2015,363,46.74,39.5,5.6,274.25
113,1739A,2016,366,55.64,40.58,3.17,216.25
113,1739A,2017,360,63.79,37.93,13.71,284.92
113,1739A,2018,360,51.32,31.91,10.0,215.33
113,1739A,2019,364,46.88,34.96,8.62,210.9
114,1740A,2015,364,67.58,55.31,7.24,353.29
114,1740A,2016,366,78.26,51.96,7.81,334.42
114,1740A,2017,365,70.24,43.0,17.88,284.58
114,1740A,2018,360,65.0,41.71,13.25,250.74
114,1740A,2019,364,54.4,36.75,14.19,211.0
115,1741A,2015,364,63.42,46.79,8.23,322.12
115,1741A,2016,366,70.18,45.83,10.65,323.04
115,1741A,2017,346,71.71,42.77,16.96,269.04
115,1741A,2018,360,66.5,40.78,12.04,234.75
115,1741A,2019,364,58.12,37.73,9.58,222.65
116,1742A,2015,364,50.67,41.91,3.5,255.62
116,1742A,2016,365,61.25,44.9,6.91,251.29
116,1742A,2017,365,61.62,37.8,10.73,262.58
116,1742A,2018,360,59.32,35.9,14.71,225.79
116,1742A,2019,364,49.2,33.85,11.36,196.08
117,1743A,2015,363,37.05,31.02,1.45,206.19
117,1743A,2016,366,42.2,32.53,3.92,196.27
117,1743A,2017,363,48.95,33.09,3.62,241.0
117,1743A,2018,359,53.31,37.47,2.54,253.33
117,1743A,2019,364,50.46,36.64,8.79,207.92
118,1818A,2015,364,88.78,78.81,17.35,806.62
118,1818A,2016,365,82.14,76.95,8.58,706.13
118,1818A,2017,365,75.63,60.83,9.0,338.33
118,1818A,2018,360,69.99,58.9,11.88,412.05
118,1818A,2019,363,68.63,60.77,8.0,369.6
119,1819A,2015,220,76.22,71.63,14.65,540.58
119,1819A,2016,366,82.67,73.05,13.62,642.78
119,1819A,2017,365,86.15,60.6,9.05,354.04
119,1819A,2018,360,74.94,56.28,9.0,370.61
119,1819A,2019,364,72.42,61.01,2.75,355.79
120,1820A,2015,364,95.66,88.4,11.64,753.9
120,1820A,2016,366,83.73,84.32,8.33,854.0
120,1820A,2017,365,80.31,61.44,11.25,331.08
120,1820A,2018,360,72.35,56.88,13.27,361.38
120,1820A,2019,364,69.31,60.11,4.79,369.92
121,1822A,2015,363,99.55,65.52,15.3,483.68
121,1822A,2016,366,88.64,73.08,10.88,628.78
121,1822A,2017,365,80.94,59.96,15.83,373.33
121,1822A,2018,359,76.99,57.62,17.96,360.3
121,1822A,2019,363,76.79,65.71,9.71,385.17
122,1823A,2015,364,75.51,59.42,12.81,559.71
122,1823A,2016,366,72.58,59.42,7.38,544.46
122,1823A,2017,337,66.98,47.74,11.09,290.96
122,1823A,2018,9,81.32,58.89,15.0,203.41
123,1824A,2015,364,77.55,58.0,14.52,482.25
123,1824A,2016,366,72.2,59.27,10.96,502.54
123,1824A,2017,365,66.94,45.08,9.71,280.71
123,1824A,2018,360,64.9,50.89,7.19,325.77
123,1824A,2019,361,60.25,47.88,8.55,264.26
124,1825A,2015,364,70.52,53.89,9.13,522.54
124,1825A,2016,366,71.1,58.47,12.29,556.67
124,1825A,2017,365,68.44,46.01,10.62,272.29
124,1825A,2018,330,67.34,56.08,5.62,335.81
124,1825A,2019,74,124.18,68.06,17.25,280.54
125,1826A,2015,364,75.21,58.22,14.09,522.21
125,1826A,2016,366,69.57,56.12,10.17,475.06
125,1826A,2017,364,68.06,46.74,10.62,282.83
125,1826A,2018,360,64.29,52.05,6.0,340.43
125,1826A,2019,364,59.76,49.72,10.0,271.88
126,1827A,2015,361,87.82,59.95,4.62,348.73
126,1827A,2016,366,80.32,66.19,10.33,529.16
126,1827A,2017,365,74.29,52.11,19.38,386.0
126,1827A,2018,195,77.92,50.75,20.04,336.58
127,1828A,2015,364,77.63,54.92,10.65,371.27
127,1828A,2016,366,79.38,65.54,6.5,566.42
127,1828A,2017,365,76.29,54.75,20.79,372.71
127,1828A,2018,360,64.89,45.86,11.17,335.75
127,1828A,2019,363,61.8,47.74,12.5,244.58
128,1829A,2015,362,94.63,66.58,7.67,463.8
128,1829A,2016,365,92.21,83.97,6.08,621.21
128,1829A,2017,365,79.25,52.73,15.29,358.39
128,1829A,2018,360,68.57,46.83,10.33,332.58
128,1829A,2019,345,66.2,50.69,14.35,251.42
129,1830A,2015,352,87.87,66.15,6.33,434.05
129,1830A,2016,365,90.42,76.9,11.12,582.38
129,1830A,2017,365,70.65,48.8,14.58,359.17
129,1830A,2018,360,61.76,40.2,11.0,329.64
129,1830A,2019,364,55.57,42.92,9.62,232.85
130,2160A,2015,364,61.47,39.23,6.39,231.08
130,2160A,2016,365,63.04,52.03,5.42,315.78
130,2160A,2017,365,69.41,41.73,9.86,237.25
130,2160A,2018,360,62.52,44.33,7.27,340.55
130,2160A,2019,364,56.55,39.22,7.1,218.04
131,2161A,2015,364,55.59,40.0,6.22,223.95
131,2161A,2016,365,61.2,50.39,6.83,288.52
131,2161A,2017,365,63.92,36.41,8.81,243.25
131,2161A,2018,360,59.17,39.27,5.71,248.18
131,2161A,2019,364,53.75,37.34,6.5,213.92
132,2163A,2015,364,53.56,39.55,6.05,235.96
132,2163A,2016,366,59.18,49.5,5.92,327.74
132,2163A,2017,365,64.46,41.01,7.47,253.5
132,2163A,2018,360,58.88,43.93,4.38,355.43
132,2163A,2019,364,55.72,40.35,6.3,233.42
133,2164A,2015,364,55.14,43.81,4.05,273.25
133,2164A,2016,365,63.48,54.5,2.22,289.57
133,2164A,2017,365,62.88,36.35,8.56,231.25
133,2164A,2018,360,60.35,39.87,6.83,240.17
133,2164A,2019,364,52.71,36.98,5.59,213.96
134,2165A,2015,364,56.61,38.13,5.78,243.96
134,2165A,2016,347,57.14,45.87,5.32,270.3
134,2165A,2017,364,59.35,37.17,5.76,251.67
134,2165A,2018,359,56.42,40.75,5.0,286.43
134,2165A,2019,360,49.21,39.14,2.8,211.17
135,2386A,2015,364,69.64,52.97,9.61,413.87
135,2386A,2016,366,72.56,62.42,9.25,503.91
135,2386A,2017,365,65.63,46.25,18.71,308.29
135,2386A,2018,360,56.84,39.35,14.88,236.42
135,2386A,2019,364,71.14,55.17,13.25,308.79
136,2387A,2015,364,68.27,50.51,11.78,365.05
136,2387A,2016,366,65.78,54.92,7.88,446.7
136,2387A,2017,365,64.08,43.96,19.42,301.08
136,2387A,2018,360,54.95,37.75,14.17,226.21
136,2387A,2019,364,59.7,50.45,4.12,285.55
137,2388A,2015,364,93.45,65.43,14.04,703.62
137,2388A,2016,365,83.23,69.03,12.58,631.75
137,2388A,2017,125,87.77,53.38,20.67,288.58
138,2389A,2015,364,94.93,64.9,11.59,623.25
138,2389A,2016,366,84.88,67.62,14.17,632.75
138,2389A,2017,365,65.76,41.97,17.21,276.43
138,2389A,2018,360,62.34,41.24,11.76,296.33
138,2389A,2019,363,54.19,42.49,10.13,218.29
139,2391A,2015,364,92.76,70.05,10.04,737.96
139,2391A,2016,365,84.29,67.82,11.38,621.58
139,2391A,2017,365,64.96,44.33,16.17,291.04
139,2391A,2018,359,62.09,41.52,10.52,250.45
139,2391A,2019,363,61.78,47.52,6.95,241.5
140,2393A,2015,363,83.71,56.61,19.09,468.38
140,2393A,2016,277,59.3,48.24,10.08,475.21
141,2394A,2015,364,82.5,58.53,12.26,519.62
141,2394A,2016,366,69.44,57.32,8.21,516.42
141,2394A,2017,365,72.98,55.63,2.54,330.08
141,2394A,2018,352,66.5,52.69,10.42,330.14
141,2394A,2019,363,68.9,62.78,6.5,530.57
142,2395A,2015,363,82.94,61.48,12.26,453.79
142,2395A,2016,366,69.42,59.4,4.88,549.67
142,2395A,2017,365,68.81,51.52,7.54,348.33
142,2395A,2018,360,60.96,47.41,12.48,313.74
142,2395A,2019,355,62.28,56.47,8.39,453.0
143,2845A,2015,253,63.68,35.74,10.71,272.11
143,2845A,2016,366,58.19,39.52,7.17,283.71
143,2845A,2017,365,55.33,28.78,6.92,191.08
143,2845A,2018,360,49.52,31.16,7.63,214.17
143,2845A,2019,364,43.5,30.48,6.67,278.29
144,2858A,2017,334,62.14,41.65,8.47,402.82
144,2858A,2018,360,50.01,36.29,6.67,291.58
144,2858A,2019,364,49.03,37.81,5.27,238.25
145,2859A,2017,334,60.95,41.1,6.71,230.08
145,2859A,2018,360,53.32,38.18,6.29,267.62
145,2859A,2019,364,52.47,41.47,3.67,282.92
146,2860A,2017,334,57.73,41.75,7.8,321.62
146,2860A,2018,360,51.52,38.27,4.84,271.27
146,2860A,2019,364,50.74,40.17,7.4,258.62
147,2878A,2017,334,68.75,39.69,10.27,276.5
147,2878A,2018,359,63.58,43.06,6.61,274.04
147,2878A,2019,364,60.09,42.32,5.67,252.25
148,2919A,2017,334,51.43,40.87,8.92,254.21
148,2919A,2018,360,46.98,36.82,8.3,276.0
148,2919A,2019,364,43.68,38.18,4.61,316.17
149,2922A,2017,334,52.44,37.94,7.52,247.73
149,2922A,2018,360,51.68,39.14,7.67,296.54
149,2922A,2019,363,53.91,41.94,5.0,271.12
150,3020A,2017,334,56.02,43.01,4.38,256.79
150,3020A,2018,359,49.91,39.37,3.0,305.57
150,3020A,2019,364,50.13,40.8,3.6,262.83
151,3021A,2017,334,62.98,42.86,6.12,262.13
151,3021A,2018,360,65.57,51.63,7.38,327.92
151,3021A,2019,364,62.44,59.84,4.36,402.09
152,3051A,2017,195,55.07,34.68,9.86,204.67
152,3051A,2018,360,52.09,36.86,8.07,277.58
152,3051A,2019,364,51.87,38.62,7.32,246.5
153,3054A,2017,215,53.71,29.75,19.22,189.41
153,3054A,2018,360,57.43,38.21,12.62,256.58
153,3054A,2019,363,52.74,41.6,9.08,215.38
154,3066A,2017,197,58.11,34.46,6.0,244.38
154,3066A,2018,360,54.57,38.1,4.06,228.92
154,3066A,2019,364,51.95,42.71,3.35,299.38
155,3132A,2017,79,46.0,32.98,12.17,177.0
155,3132A,2018,359,35.29,28.89,4.62,189.96
155,3132A,2019,364,38.62,32.89,4.96,252.46
156,3141A,2017,23,110.67,75.84,21.79,286.09
156,3141A,2018,360,69.03,55.36,10.43,373.52
156,3141A,2019,364,67.29,57.53,4.0,367.71
